Category;SubCategory;Acronym;Organisation-FR;Description;Address;Apartment;City;Province;Postal Code;Metro;Sunday;Monday;Tuesday;Wednesday;Thursday;Friday;Saturday;OpenHours;Phone1;Phone2;Fax;Website;Email;Notes
WORK ACCIDENTS;;CNESST;Commission des normes, de l'equite, de la sante et de la securite du travail;;1 Complexe Desjardins, Tour Sud, 31e etage, C.P.3, Succursale Desjardins;;Montreal;Quebec;H5B 1H1;Place des Arts;;08h30-16h30;08h30-16h30;08h30-16h30;08h30-16h30;08h30-16h30;;Lundi a vendredi�: 08h30 a 16h30;1 844 838-0808;;;;;
WORK ACCIDENTS;Community Organizations;UTTAM;Union des travailleurs et travailleuses accidente(e)s de Montreal;;Advocacy Re: Work accidents / CNESST Claims 2348, rue Hochelaga;;Montreal;Quebec;H2K 1H8;Frontenac;;09h00-12h00;09h00-12h00;12h00-16h30;09h00-12h00;;;Lundi, mardi, jeudi : 09h00 a 12h00, mercredi: 12h00 a 16h30;;;(514) 527-3661;;info@uttam.quebec;
WORK ACCIDENTS;Community Organizations;FATA;Fondation pour leaide aux travailleurs (ses) accidente (es);;6839A, rue Drolet;;Montreal;Quebec;H2S 2T1;Jean-Talon;;;;;;;;;(514) 271-0901;;;;fata@fata.qc.ca;Par rendez-vous. Information telephonique gratuite, mais il y a des frais pour la representation a l'audition de la CNESST audition ou un rencontre a leur bureau.
AUTOMOBILE ACCIDENTS;;SAAQ;Societe de l'assurance automobile du Quebec;;7335, boulevard Langelier, C-14;;Montreal;Quebec;H1S 1V7;;;08h30-16h30;08h30-16h30;09h30-16h30;08h30-16h30;08h30-16h30;;"Lundi, mardi, jeudi, vendredi: 8h30 a 16h30;  mercredi: 9h30 a 16h30";(514) 873-7620;;;www.saaq.gouv.qc.ca;;
AUTOMOBILE ACCIDENTS;;SAAQ;Societe de l'assurance automobile du Quebec;;855, boulevard Henri-Bourassa Ouest;;Montreal;Quebec;H3L 1P3;;;08h30-16h30;08h30-16h30;09h30-16h30;08h30-16h30;08h30-16h30;;"Lundi, mardi, jeudi, vendredi: 8h30 a 16h30;  mercredi: 9h30 a 16h30";(514) 873-7620;;;www.saaq.gouv.qc.ca;;
AUTOMOBILE ACCIDENTS;;;Fondation des accidente(e)s de la route;;4949, rue Metropolitain Est;;Montreal;Quebec;H1R 1Z6;;;;;;;;;;(514) 277-8555;;;;;For help with SAAQ claims. Membership Fee: $225
WELFARE;;;Direction regionale d'Emploi-Quebec;;276, rue St-Jacques Ouest, Mezzanine;;Montreal;Quebec;H2Y 1N3;;;;;;;;;;(514) 725-5221;;(514) 725-6931;;;
WELFARE;;;Centre local d'emploi de C�te-des-Neiges;;6655, chemin de la C�te-des-Neiges, 3e etage;;Montreal;Quebec;H3S 2B4;;;;;;;;;;(514) 872-6530;;(514) 872-4758;;;
WELFARE;;;Centre local d'emploi de Saint-Laurent;;6900, boulevard Decarie, bureau 3700;bureau 3700;Montreal;Quebec;H4B 2L9;;;;;;;;;;(514) 345-0131;;(514) 345-6900;;;
WELFARE;;;Centre de services specialises de l'ouest (Social Solidarity recipients);;2740, rue Remembrance, Rm. 70A (in Shopping Centre);Rm. 70A (in Shopping Centre);;;;Lionel Groulx, bus 191 ou express 491;;;;;;;;;(514) 634-2425;;(514) 634-8782;;;
Community Organizations;;CPAS;(Comite des personnes assistees sociales);Pointe St-Charles, St Henri, Verdun;1945, rue Mullins, bureau 100;bureau 100;Montreal;Quebec;H3K 2L6;;;10h00-17h00;10h00-17h00;10h00-17h00;10h00-17h00;10h00-17h00;;Lundi au vendredi: 10h00 a 17h00 (sur rendez-vous);(514) 931-6025;;(514) 531-0185;;cpas@cam.org;
Community Organizations;;ODAS;(Organisation d'aide aux sans-emploi);St-Henri;2515, rue Delisle, bureau 209;bureau 209;Montreal;Quebec;H3J 1K8;;;10h00-15h00;10h00-15h00;10h00-15h00;10h00-15h00;;;Ete: lundi a jeudi: 10h00 a 15h00  ||  Hiver: lundi a jeudi: 09h30 a 16h00;(514) 932-3926;;;;odas@bellnet.ca;
Community Organizations;;ODAS;Regroupement Montreal (Organisation populaire des droits sociaux);Bureau Central for staff consultations only-- not clients;3340, rue Ontario Est;;Montreal;Quebec;H1W 1P7;;;;;;;;;;(514) 524-6996;;;;info@opdsrm.com;
Community Organizations;;ODAS;Maison Aline Gendron;Pointe-aux-Trembles, Anjou, Repentigny, Centre-Sud, Mercier, Plateau Mont-Royal, Hochelaga-Maisonneuve:;3340, rue Ontario Est;;Montreal;Quebec;H2K 2C5;;;;;;;;;;(514) 527-0700;;;;opds.maisonag@videotron.ca;
Community Organizations;;ODAS;Maison Marie Jeanne Corbeil;Rosemont, Petite-Patrie, Parc Extension, Montreal-Nord, St-Michel, St-Leonard, Riviere des prairies, Laval;8535, boulevard Pie IX;;Montreal;Quebec;H1Z 3T9;;;;;;;;;;(514) 322-5782;;;;opds.maisonmjc@videotron.cas;
Community Organizations;;;St-Columba House - Welfare Rights;St-Henri, Pointe-St-Charles, Verdun, LaSalle;2365, rue Grand Trunk;;Verdun;Quebec;H3K 1M8;;;;;;;;;;(514) 932-6202 ext.221;;;;info@saintcolumbahouse.org;
Community Organizations;;BRAS;BRAS Villeray (Bureau de resources des assiste.e.s sociaux);;660, rue Villeray, bureau 1.101;bureau 1.101;Montreal;Quebec;H2R 1J1;;;;;;;;;;(514) 495-8101;;;;brasvilleray@hotmail.com;
BUDGET AND DEBT PROBLEMS;;ACEF;ACEF de l'Est de Montreal;;5955, rue de Marseille;;Montreal;Quebec;H1N 1K6;Cadillac;;09h00-18h30;09h00-18h30;09h00-18h30;09h00-18h30;;;Lundi a jeudi: 9h00-18h30.;(514) 257-6622;;;;accueil@acefest.ca;Information telephonique et service par rendez-vous
BUDGET AND DEBT PROBLEMS;;ACEF;ACEF du Nord de Montreal;;7500, avenue de Ch�teaubriand;;Montreal;Quebec;H2R 2M1;Jean-Talon;;09h00-16h30;09h00-16h30;09h00-16h30;09h00-16h30;;;Lundi a jeudi�: 9h00-12h00, 13h00-16h30.;(514) 277-7959;;;;info@acefnord.org;Information telephonique et service par rendez-vous
BUDGET AND DEBT PROBLEMS;;ACEF;ACEF de l'Sud-Ouest de Montreal�: Pour residents de CDN/NDG;;6734, boulevard Monk;;Montreal;Quebec;H4E 3J1;Monk;;09h00-17h00;09h00-17h00;09h00-17h00;09h00-17h00;;;Lundi a jeudi: 9h00 a 17h00.;(514) 362-1771;;(514) 362-0660;;acefsom@consommateur.qc.ca;Information telephonique et service par rendez-vous
BUDGET AND DEBT PROBLEMS;;;Option consommateurs;;50, rue Sainte-Catherine Ouest, bureau 440;bureau 440;Montreal;Quebec;H2X 3V4;Saint-Laurent ou Place-des-Arts;;;;;;;;;(514) 598-7288;;(514) 598-8511;;info@option-consommateurs.org;Information telephonique
BUDGET AND DEBT PROBLEMS;;;Syndics de faillite;Rochelle Budd;8250, boulevard Decarie, suite 140;suite 140;Montreal;Quebec;H4P 2P5;;;;;;;;;;(514) 731-3191 p.461;;(514) 949-9133;;;
BUDGET AND DEBT PROBLEMS;;;Syndics de faillite;Guylaine Houle;1 pl. Ville Marie, bureau 2720;bureau 2720;;;;;;;;;;;;;(514) 875-4000;;;;;
BUDGET AND DEBT PROBLEMS;;;Syndics de faillite;Ginsberg Gingras;;;;;;;;;;;;;;;(514) 878-4545;(514) 878-0180;;;;Clients can also request consultation online.
CONSUMER PROTECTION;;;Office de la protection du consommateur;;5199, rue Sherbrooke Est, bureau 3671;bureau 3671;Montreal;Quebec;H1T 3X2;;;;;;;;;;(514) 253-6556;1 888 672-2556;(514) 864-2399;;;
CONSUMER PROTECTION;;(APA);Automobilist Protection Agency (APA);;292, rue Saint-Joseph Ouest;;Montreal;Quebec;H2V 2N7;;;09h00-17h00;09h00-17h00;09h00-17h00;09h00-17h00;09h00-17h00;;Lundi a vendredi : 09h00 a 17h00;(514) 272-5555;(514) 273-5149;;;apamontreal@apa.ca;For problems with car insurance, repair or purchase of a car. $52.00 membership fee includes legal consultation, assistance with small claims litigation, expert witnesses at reduced rates.
CONSUMER PROTECTION;;;Gaz Metro;Customer Service;1717, rue du Havre;;Montreal;Quebec;H2K 2X3.;;;;;;;;;;1 800 875-9354;(514) 598-3222;(514) 598-3144;https://www.gazmetro.com/en/formulaire-de-plainte;info@gazmetro.com;Must first report the issue to customer service department and they will fill out a complaint report. Customer service can also be reached at info@gazmetro.com. One can also fill out a complaint form online at https://www.gazmetro.com/en/formulaire-de-plainte
CONSUMER PROTECTION;;;Commissioner for Complaints for Telecommunication Services;;;;;;;;;;;;;;;;1 888 221-1687;;1 877 782-2924;;response@ccts-cprst.ca;Problems/complaints with phone and internet companies Must first report the issue to the companies'customer service department.
CONSUMER PROTECTION;;;Ombudsman des services bancaires et d'investissement;;;;;;;;;;;;;;;;1 888 451-4519;;;;ombudsman@obsi.ca;Complaints about banks for consumers and small businesses.  (Must first go through the Ombudsman at the  particular bank or, for �Desjardins' the Ombudsman for the Province of Quebec) Visit https://www.obsi.ca/en/resource-room/list-of-participating-firms to find the ombudsman for your particular bank or investment agency.
CONSUMER PROTECTION;;;Ombudservice for Life and Health Insurance;(by mail, ATTN�: Directrice Generale);2001 Boulevard Robert-Bourassa. 17e etage;;Montreal;Quebec;H3A 2A6;;;;;;;;;;(514) 282-2088;1 888 295-8112;(514) 285-4076;;;Complaints about Canadian health and life insurance companies
CONSUMER PROTECTION;;;Service de conciliation en assurance de dommage;;10 Milner Business Court, Suite 701;Suite 701;Toronto;Ontario;M1B 3C6;;;;;;;;;;1 877 225-0446;;(416) 299-4261;;;http://Information/Complaints on home, business and automobile insurance. Complaint form found online at https://www.giocanada.org/complaint-form/
CONSUMER PROTECTION;;FCAC;FCAC - Financial Consumer Agency of Canada;;;;;;;;;;;;;;;;1 866 461-2232;;;;;For problems with financial institutions (banks, insurance  companies) Should first file a complaint with the particular financial institution, but FCAC can explain that process.
CONSUMER PROTECTION;;;Autorite des marches financiers;;;;;;;;;;;;;;;;(514) 395-0337;;;;;Help with Automobile, Home, Life, Disability Insurance. Investment help (including stocks and mutual funds). Credit Union. Should file a complaint with the company first, but will explain process.
CONSUMER PROTECTION;;;Organisme d'autoreglementation du courtage immobilier du Quebec;;;;;;;;;;;;;;;;1 800 440 5100;;;;;Help with mortgages and real estate agents. Monday - Friday 9AM to 4PM, Wednesday opens at 10.
CONSUMER PROTECTION;;;Mutual Fund Dealers Association of Canada;;;;;;;;;;;;;;;;1 888 466-6332;;;;;Complaints with mutual fund dealers. Online complaint form too.
CONSUMER PROTECTION;;;Anti-Fraud Centre;;;;;;;;;08h30-17h00;08h30-17h00;08h30-17h00;08h30-17h00;08h30-17h00;;Lundi a vendredi: 8h30 � 17h00 (EST).;1 888 495-8501;;;;;National line re: identity theft, telemarketing fraud. Can also report incidents online: http://www.antifraudcentre-centreantifraude.ca/
CONSUMER PROTECTION;;;Bureau de la concurrence;;;;;;;;;08h30-16h30;08h30-16h30;08h30-16h30;08h30-16h30;08h30-16h30;;Lundi a vendredi: 8h30-16h30.;1 800 348-5358;(800) 642-3844;(819) 997-0324;http://www.competitionbureau.gc.ca/;;Enforces the Competition Act, Consumer Packaging and  Labelling Act, Textile Labelling Act and Precious Metals Marketing Act. Complaints can be submitted also by mail or online.
COMMUNITY GROUPS;;;Association de la communaute noire;;6588, chemin de la C�te-des-Neiges;;Montreal;Quebec;H3S 2B8;;;;;;;;;;(514) 737-8321;;(514) 737-6893;;info@cdnbca.org;
COMMUNITY GROUPS;;;Centre d'amitie autochtone de Montreal;;2001, boulevard Saint-Laurent (coin Ontario);;Montreal;Quebec;H2X 2T3;;;09h00-17h00;09h00-17h00;09h00-20h00;09h00-17h00;09h00-16h00;;"Lundi, mardi, jeudi: 9h00-17h00; mercredi: 9h00-20h00 Vendredi: 9h00-16h00";1 855 499-1854;(514) 499-1854;(514) 499-9436;;info@nfcm.org;
COMMUNITY GROUPS;;;Centre Multi-Ethnique;;11121, avenue Salk, Bureau 15;Bureau 15;Montreal;Quebec;H1G 4Y3;;;08h30-16h30;08h30-16h30;08h30-16h30;08h30-16h30;08h30-16h30;;Lundi a vendredi: 8h30 a 16h30;(514) 329-5044;;(514) 329-4954;;aguillaume@centre-multiculturel.qc.ca;
COMMUNITY GROUPS;;;Service a la famille chinoise du Grand Montreal;;987, rue C�te, 4e etage;;Montreal;Quebec;H2Z 1L1;;;09h00-17h00;09h00-17h00;09h00-17h00;09h00-17h00;09h00-17h00;09h00-17h00;Lundi a samedi: 9h00 � 17h00;(514) 861-5244;;(514) 861-9008;;famille.chinoise@qc.aibn.com;
COMMUNITY GROUPS;;;Communaute hellenique de Montreal;;5757, avenue Wilderton;;Montreal;Quebec;H3S 2K8;;;;;;;;;;(514) 738-2421;;;;info@hcgm.org;
COMMUNITY GROUPS;;;Communaute vietnamienne au Canada;;6767, chemin de la C�te-des-Neiges, bureau 495;bureau 495;Montreal;Quebec;H3S 2T6;;;;;;;;;;(514) 340-9630;;;;communaute.viet.montreal@gmail.com;
COMMUNITY GROUPS;;;Entraide ukrainienne de Montreal;;3244, rue Beaubien Est, bureau 201;;Montreal;Quebec;H1Y 1H7;;;;;;;;;;(514) 729-9540;;;;entraid1@bellnet.ca;
COMMUNITY GROUPS;;AQIM;Association Quebec Ile Maurice (AQIM);;6767, chemin de la C�te-des-Neiges, bureau 693.2;bureau 693.2;Montreal;Quebec;H3S 2T6;;;;;;;;;;(514) 476-5583;;;;;
COMMUNITY GROUPS;;CJA;Federation CJA (Combined Jewish Appeal);;5151, chemin de la C�te-Sainte-Catherine;;Montreal;Quebec;H3W 1M6;;;;;;;;;;(514) 735-3541;;;;fcja@federationcja.org;
COMMUNITY GROUPS;;;Jamaican Association of Montreal;;4065, rue Jean Talon Ouest;;Montreal;Quebec;H4P 1W6;;;;;;;;;;(514) 737-8229;;;;info@jam-montreal.com;Adult basic education � free classes in reading, writing, math, life skills & intro to computers.
COMMUNITY GROUPS;;SIARI;SIARI (Service d'interprete, d'aide et de reference aux immigrants);;6767, chemin de la C�te-des-Neiges, bureau 499;bureau 499;Montreal;Quebec;H3S 2T6;;;09h00-17h00;09h00-17h00;09h00-17h00;09h00-17h00;09h00-17h00;;"Lundi a vendredi�:9h00-12h00; 13h00-17h00.";(514) 738-4763;;(514) 738-4925;;info@siari.org;
COMMUNITY GROUPS;;;South Asian Women's Community Centre;;1035, rue Rachel Est, 3e etage;;Montreal;Quebec;H2J 2J5;;;;;;;;;;(514) 528-8812;;(514) 528-0896;;;
COMMUNITY GROUPS;;;Societe Internationale du Bangladesh;;419, avenue St-Roch, bureau SS05;bureau SS05;Montreal;Quebec;H3N 1K2;;;;;;;;;;(514) 928-4655;;;;isb1989@gmail.com;
EMERGENCY AID;Food;;Head and Hands;;5833, rue Sherbrooke Ouest, (corner Melrose)P.O. Box 446 Station NDG;;;;H4A 3P5;;;;;;;;;;(514) 481-0277;;;;info@headandhands.ca;"Twice a month for youth 12-25; once a month for others."
EMERGENCY AID;Food;;Multi-Caf;;3591, avenue Appleton;;Montreal;Quebec;H3S 1L7;;;;09h00-10h30;09h00-10h30;09h00-10h30;;;Les paniers : mardi, mercredi et jeudi 09h00 et 10h30 (preuve de residence necessaire);(514) 733-0554;;;;;Ils offrent aussi une popote roulante et aussi le programme � Bonne bo�te, bonne bouffe �
EMERGENCY AID;Food;;Dep�t Alimentaire NDG;;2146, avenue Marlowe;;Montreal;Quebec;H4A 3L5;;;09h00-16h00;09h00-19h00;09h00-16h00;09h00-16h00;09h00-16h00;;Lundi a vendredi : 0900-16h00, mardi ouverte jusqu'a 19h00;(514) 483-4680;;;;info@depotndg.org;Bonne bo�te, bonne bouffe �, d�ners deux fois par semaine, et depannage sur mardi et vendredi. Ils peuvent livrer le depannage a leur maison un fois par mois si ils ont une perte de mobilite.
EMERGENCY AID;Food;;MADA (Kosher);;6875 blvd Decarie;;Montreal;Quebec;H3W 3E4;;;09h00-20h00;09h00-20h00;09h00-20h00;09h00-20h00;09h00-20h00;;Lundi a vendredi  09h00 a 20h00.;(514) 483-4680;;;;mada@madacenter.com;Offers a kosher foodbank, cafeteria, furniture and clothing.
EMERGENCY AID;Food;;Jamaica Association;;4065 Jean Talon Ouest;;Montreal;Quebec;H4P 1W6;;;09h00-20h00;09h00-20h00;09h00-20h00;09h00-20h00;09h00-20h00;;Lundi a vendredi  09h00 a 20h00.;(514) 737-8229;;;;info@jam-montreal.com;Offers a foodbank, cafeteria, furniture and clothing. Food bank: Tuesday 12h00-14h00 $3.00 (people of all origins)
Second-Hand Clothing;;;Carrefour d'entraide Lachine;;1176, rue Provost;;Lachine;Quebec;H8S 1N5;;;08h30-15h45;08h30-15h45;08h30-15h45;08h30-15h45;08h30-21h00;;Lundi a jeudi 08h30 a 15h45, vendredi 08h30 a 21h00;(514) 634-3686;;;;;
Second-Hand Clothing;;;Chez Doris;;1430, rue Chomedey;;Montreal;Quebec;H3H 2A7;;08h30-15h00;08h30-15h00;08h30-15h00;08h30-15h00;08h30-15h00;08h30-15h00;08h30-15h00;Ouvert tous les jours de 08h30 a 15h00;(514) 937-2341;;;;;
Second-Hand Clothing;;;Dans la Rue;;533, rue Ontario Est, bureau 450;bureau 450;Montreal;Quebec;H2L 1N8;;;;;;;;;;(514) 526-5222;;;;;
Second-Hand Clothing;;;Jeunesse au soleil;;4251, Saint-Urbain;;Montreal;Quebec;H2W 1V6;;;;;;;;;;(514) 842-6822;;;;;
Second-Hand Clothing;;;Mission Old Brewery;;902, boulevard Saint-Laurent;;Montreal;Quebec;H2Z 1J2;;;;;;;;;;(514) 866-6591;;;;;
Second-Hand Clothing;;;Mission Saint-Michel;;137, avenue du President Kennedy;;Montreal;Quebec;H2X 3P6;;;;;;;;;;(514) 844-8127;;;;;
Second-Hand Clothing;;;Relais Communautaire de Laval;;111, boulevard des Laurentides;;Laval;Quebec;H7G 2T2;;;;;;;;;;(450) 668-8727;;;;;
Second-Hand Furniture and Clothing;;;Armee du Salut;;1655, avenue Richardson;;Montreal;Quebec;H3K 3J7;;;;;;;;;;(514) 766-2155;;;;;
Second-Hand Furniture and Clothing;;;Armee du Salut - Hochelaga-Maisonneuve;;3444, rue Ontario Est;;Montreal;Quebec;H1W 1P9;;;09h00-21h00;09h00-21h00;09h00-21h00;09h00-21h00;09h00-21h00;09h00-17h00;Lundi a vendredi 09h00 a 21h00, samedi 09h00 a 17h00;(514) 529-4025;;;;;
Second-Hand Furniture and Clothing;;;Armee du Salut - Notre Dame de Grace;;5758-62, rue Sherbrooke Ouest;;Montreal;Quebec;H4A 1X1;;;09h00-21h00;09h00-21h00;09h00-21h00;09h00-21h00;09h00-21h00;09h00-17h00;Lundi a vendredi 09h00 a 21h00, samedi 09h00 a 17h00;(514) 488-8714;;;;;
Second-Hand Furniture and Clothing;;;Armee du Salut - Notre Dame;;1620, rue Notre-Dame Ouest;;Montreal;Quebec;H3J 1M1;;;09h00-21h00;09h00-21h00;09h00-21h00;09h00-21h00;09h00-21h00;09h00-17h00;Lundi a vendredi 09h00 a 21h00, samedi 09h00 a 17h00;(514) 935-7429;;;;;
Second-Hand Furniture and Clothing;;;Armee du Salut - Plaza Saint-Hubert;;7066 rue Saint-Hubert;;Montreal;Quebec;H2S 2M9;;;09h00-21h00;09h00-21h00;09h00-21h00;09h00-21h00;09h00-21h00;09h00-17h00;Lundi a vendredi 09h00 a 21h00, samedi 09h00 a 17h00;(450) 276-3449;;;;;
Second-Hand Furniture and Clothing;;;Le Support (Fondation de la deficience intellectuelle);;6725, boulevard des Grandes Prairies;;St-Leonard;Quebec;H1P 1A5;;;;;;;;;;(514) 725-9797;;;;;Va chercher a domicile les v�tements, meubles, etc.(ne prend pas les electromenagers ni les divans-lits
Second-Hand Furniture and Clothing;;MADA;MADA;;6875, boulevard Decarie;;Montreal;Quebec;H3W 3E4;;;;;;;;;;(514) 342-4969;;;;;
Second-Hand Furniture and Clothing;;;Renaissance � C�te-des-Neiges;;6700, chemin de la C�te-Des-Neiges;;Montreal;Quebec;H3S 2B2;;10h00-17h00;09h00-18h00;09h00-18h00;09h00-18h00;09h00-21h00;09h00-21h00;09h00-17h00;Lundi a mercredi 09h00 a 18h00, jeudi a vendredi 09h00 a 21h00, samedi 09h00 a 17h00, dimanche 10h00 a 17h00;(514) 733-6330;;;;;
Second-Hand Furniture and Clothing;;;Renaissance - Siege Social;;7250, rue Saint-Laurent;;Montreal;Quebec;H2R 2X9;;10h00-17h00;09h00-18h00;09h00-18h00;09h00-18h00;09h00-21h00;09h00-21h00;09h00-17h00;Lundi a mercredi 09h00 a 18h00, jeudi a vendredi 09h00 a 21h00, samedi 09h00 a 17h00, dimanche 10h00 a 17h00;(514) 906-0804;;;;;**Pour trouver le Renaissance le plus proche de chez vous visitez le www.renaissancequebec.ca/fr/magasiner/trouver-un-magasin **
Second-Hand Furniture and Clothing;;;Societe Saint-Vincent de Paul;;1930, rue de Champlain;;Montreal;Quebec;H2L 2S8;;;10h00-16h00;10h00-16h00;10h00-16h00;10h00-16h00;10h00-16h00;;Lundi a vendredi 10h00 a 16h00;(514) 526-5937;;;;;
EMPLOYMENT;;;Commission des normes du travail;;500, boulevard Rene Levesque Ouest, 26e etage;;Montreal;Quebec;H2Z 2A5;Square Victoria;;08h00-17h00;08h00-17h00;08h00-17h00;08h00-17h00;08h00-17h00;;Lundi a vendredi 8h a 17h.;(514) 873-7061;1 844 838-0808;;;;Par rendez-vous / By appointment.
EMPLOYMENT;Community Organizations;;Au bas de l'echelle;(For non-unionized workers);6839A, rue Drolet, bureau 305;bureau 305;Montreal;Quebec;H2S 2T1;Jean Talon;;13h30-17h00;13h30-17h00;;09h00-17h00;09h00-17h00;;"Lundi 13h30 a 17h00, mardi 13h30 a 17h00 ; jeudi, vendredi 09h00 a 12h00 et 13h30 a 17h00";(514) 270-7878;;(514) 270-7726;;;
EMPLOYMENT;Community Organizations;CTI;CTI (Centre des travailleurs et travailleuses immigrants);;4755, avenue Van Horne, bureau 110  (Metro: Plamondon);bureau 110;Montreal;Quebec;H3W 1H8;Plamondon;;13h00-17h00;13h00-20h00;13h00-17h00;13h00-20h00;;;Lundi, mercredi 13h00 a 17h00,  mardi, jeudi 13h00 a 20h00;(514) 342-2111;;;;;Drop-in, follow up on cases, legal education.
EMPLOYMENT;Community Organizations;;Association des aides familiales du Quebec;;110, rue Sainte-Therese, bureau 309;bureau 309;Montreal;Quebec;H2Y 1E6;Iberville;;;;09h00-16h30;09h00-16h30;09h00-16h30;09h00-16h30;Mercredi a samedi 09h00 a 16h30;(514) 272-2670;;(514) 272-8338;;;
EMPLOYMENT;Community Organizations;PINAY;PINAY (Filipino Workers Association);;4755 Van Horne #110;#110;Montreal;Quebec;H3W 1H8;;;;;;;;;;(514) 364-9833;;;;info@pinayquebec.org;Par rendez-vous seulement.
EMPLOYMENT;Community Organizations;STELLA;STELLA (Community Organization for Sex Workers);;2065, rue Parthenais, bureau 404  (Metro�: Frontenac);bureau 404;Montreal;Quebec;H2K 3T1;Frontenac;;11h00-17h00;;11h00-17h00;11h00-17h00;11h00-17h00;;Lundi, mercredi, jeudi, vendredi (ferme le mardi) 11h a 17h;(514) 285-8889;;;;info@chezstella.org;
EMPLOYMENT;Small Business;CDEC;CDEC C�te-des-Neiges;;4950, chemin Queen Mary, bureau 101;bureau 101;Montreal;Quebec;H3W 1X3;Snowdon;;9h00-15h00;9h00-15h00;9h00-15h00;9h00-15h00;9h00-15h00;;"Lundi a vendredi : 9h00-12h00; 13h-15h00.";(514) 342-4842;;;;cdec@cdeccdnndg.org;
EMPLOYMENT;Small Business;;Youth Employment Services (Small Business counselling open to all ages);;666, rue Sherbrooke Ouest, 7e etage;;Montreal;Quebec;H3A 1E7;McGill;;;;;;;;;(514) 878-9788;;(514) 878-9950;;;Lundi a vendredi 09h00 a 17h00, $30 one time fee to open a file.
EMPLOYMENT;Job Search;ALAC;ALAC (Alliance pour l'accueil et l'integration des immigrant(e)s);;5165, chemin Queen Mary, bureau 350;bureau 350;Montreal;Quebec;H3W 1X7;;;;;;;;;;(514) 737-3642;;(514) 737-3514;;info@alac.qc.ca;Aide a l'emploi (par rdv, pour les immigrants ici depuis <5 ans). Cours de francais pour tout le monde.
EMPLOYMENT;Job Search;;Carrefour jeunesse emploi (16-35 Ans);;6555, chemain de la C�te-des-Neiges, bureau 240;bureau 240;Montreal;Quebec;H3S 2A6;;;09h00-17h00;09h00-17h00;12h00-20h00;09h00-17h00;13h00-17h00;;Lundi, mardi, jeudi 09h00 a 17h00 Mercredi 12h00-20h00, vendredi 13h00-17h00;(514) 342-5678;;(514) 342-6377;cjecdn.qc.ca;;
EMPLOYMENT;Job Search;;Centre de recherche d'emploi de C�te-Des-Neiges;;3600, rue Barclay, bureau 421;bureau 421;Montreal;Quebec;H3S 1K5;Parc;;08h30-16h30;08h30-16h30;08h30-16h30;08h30-16h30;08h30-16h30;;Lundi a vendredi 8h30 a 16h30 (ferme entre 12h et 13h);(514) 733-3026;;(514) 733-7120;;info@crecdn.com;
EMPLOYMENT;Job Search;CLAM;CLAM (Carrefour de liaison et d'aide multiethnique);;7290, rue Hutchison, bureau 200, 2e etage;;Montreal;Quebec;H3N 1Z1;;;09h00-17h00;09h00-17h00;09h00-17h00;09h00-17h00;09h00-17h00;;Lundi a vendredi 9h-17h00.;(514) 271-8207;;(514) 271-8254;;clam@bellnet.ca;
EMPLOYMENT;Job Search;;Collectif des femmes immigrantes;;7124, rue Boyer (Metro Jean Talon);;Montreal;Quebec;H2S 2J8;Jean Talon;;;;;;;;;(514) 279-4246;;(514) 279-8536;;info@cfiq.ca;
EMPLOYMENT;Job Search;;Collectif des femmes immigrantes;;7355 boulevard St-Michel, bureau 102 (Metro St-Michel);bureau 102;Montreal;Quebec;H2A 2Z9;St-Michel;;09h00-17h00;09h00-17h00;09h00-17h00;09h00-17h00;09h00-17h00;;"Lundi a vendredi 9h-12h; 13h-17h.";(514) 374-7999;;;;emploi@cfiq.ca;Service gratuit offert pour tout le monde, en fran�ais ou anglais, par RDV. Placement en emploi, en formation ou en stage, cours, etc
EMPLOYMENT;Job Search;;Agence OMETZ;;5151, chemin de la C�te-Sainte-Catherine, bureau 300;bureau 300;Montreal;Quebec;H3W 1M6;;;09h00-17h00;09h00-17h00;09h00-17h00;09h00-17h00;09h00-16h00;;Lundi a jeudi 09h00 a 17h00, vendredi 09h00 a 16h00.;(514) 342-0000;;(514) 342-2371;;info@ometz.ca;Pour personnes de 45 ans+, ou qui ont besion de support addiotionelle, et aussi pour les Juifs.
EMPLOYMENT;Job Search;;Emploi Quebec;;6655, chemin de la C�te-des-Neiges, 3e etage;;Montreal;Quebec;H3S 2B4;;;08h30-16h30;08h30-16h30;10h00-16h30;08h30-16h30;;;"Lundi, mardi, jeudi, vendredi 08h30 a 16h30 ; mercredi 10h00 a 16h30";(514) 872-6530;;;;;
EMPLOYMENT;Job Search;;Hirondelle (Services d'Accueil et d'Integration des Immigrants);;4652, rue Jeanne Mance, 2e et 3 e etages;;Montreal;Quebec;H2V 4J4;;;09h00-17h00;09h00-17h00;09h00-17h00;09h00-17h00;09h00-17h00;;"Lundi a vendredi 9h-12h�; 13h-17h";(514) 281-2038;;;;administration@hirondelle.qc.ca;Services pour les nouvelles arrivantes <5 ans.
EMPLOYMENT;Job Search;;Petites Mains (formation en couture industrielle);;7595, boulevard Saint-Laurent;;Montreal;Quebec;H2R 1W9;;;;;;;;;;(514) 738-8989;;;;info@petitesmains.com;
Employment Insurance;;;Centre Service Canada;;5160, boulevard Decarie, #700 (Metro: Snowdon)Montreal, Quebec   H3X 2T8;#700;;;;Snowdon;;08h30-16h00;08h30-16h00;08h30-16h00;08h30-16h00;08h30-16h00;;Lundi a vendredi 08h30 a 16h00;1 800 206-7218;1 800 808-6352;;;;Territoirse desservis: C�te-des-Neiges, C�te- Saint-Luc, Saint Laurent, Dorval, Hamstead, Westmount, Mont-Royal, Notre-Dame-de-Gr�ce, Outremont, West Island.
Employment Insurance;;;Downtown office;Complexe Guy Favreau;200, boulevard Rene Levesque Ouest (Metro: Beaudry);;Montreal;Quebec;H2Z 1X4;Beaudry;;08h30-16h00;08h30-16h00;08h30-16h00;08h30-16h00;08h30-16h00;;Lundi a vendredi 08h30 a 16h00.;(514) 522-4444;1 800 206-7218;(514) 283-6085;;;Territoirse desservis: Downtown/Southwest Montreal, Ville Marie, Centre-Sud, Plateau Mont-Royal, Rosemont, Lasalle
Community Organizations;;;Comite ch�mage de Montreal;;3734, avenue du Parc;;Montreal;Quebec;H2X 2J1;;;13h00-16h30;13h00-16h30;13h00-16h30;13h00-16h30;13h00-16h30;;Sur rendez-vous et par telephone de 13h00 a 16h30;(514) 933-5915;;(514) 933-4074;;ccm@comitechomage.qc.ca;
Community Organizations;;;Comite ch�mage Est de Montreal;;1691, boulevard Pie IX, bureau 302;bureau 302;Montreal;Quebec;H1V 2C3;;;;10h00-16h00;10h00-16h00;10h00-16h00;;;Mardi a jeudi 10h00 a 12h00 et 13h30 a 16h00;(514) 521-3283;;;;ccem@ccem.ca;
Community Organizations;;;Mouvement action ch�mage;;6839A, rue Drolet, 3e etage  (Metro: Jean Talon);;Montreal;Quebec;H2S 2T1;Jean-Talon;;;13h00-15h00;17h00-20h00;13h00-15h00;;;Service par telephone: mardi, jeudi 13h00 a 15h00, mercredi 17h00 a 20h00.;(514) 271-4099;;;;;
Community Organizations;;;Mouvement action ch�mage Longueuil;;1194, rue Marquette;;Longueuil;Quebec;J4K 4H8;;;;;;;;;;(450) 670-7615;;;;info@macl.org;Heures limitees-Appeler avant /Limited hours - call first
FAMILY BENEFITS;;;Soutien aux enfants;;Quebec Pension Plan (QPP)/ Regie des rentes du Quebec (RRQ)1055, boulevard Rene Levesque Est, 4e etage;;Montreal;Quebec;H2L 4S5;;;;;;;;;;(514) 864-3873;(514) 873-4455**;(514) 873-4408;;;Par courrier / By mail: Case postale 7777 // Quebec, Quebec G1K 7T4
FAMILY BENEFITS;;;Prestation fiscale canadienne pour enfants (PFCE);;305, boulevard Rene Levesque Ouest (pour deposer les docs);;Montreal;Quebec;H2Z 1A6;;;;;;;;;;1 800 387-1194;1 800 387-1193;1 819 536-7078;;;Par courrier / By mail: Shawinigan-Sud Tax Centre // 4695 Shawinigan-Sud Boulevard // Shawinigan QC  G9P 5H9
FAMILY BENEFITS;;;Prime au travail;Aide financiere pour les travailleurs a faible revenu / Financial assistance for low income workers Revenu Quebec - Complexe Desjardins;C.P. 3000, succursale Desjardins;;Montreal;Quebec;H5B 1A4;;;;;;;;;;1 855 291-6467;(514) 873-4455**;;;;
FAMILY BENEFITS;;;Credit d'imp�t pour frais de garde;;Revenu Quebec - Complexe Desjardins C.P. 3000 succursale Desjardins;;;;;;;08h30-16h30;08h30-16h30;10h00-16h30;08h30-16h30;08h30-16h30;;"Lundi, mardi, jeudi, vendredi 08h30 a 16h30 ; mercredi 10h00 a 16h30";(514) 940-1481;(514) 873-4455**;;;;
FAMILY BENEFITS;;;Allocation logement;;3, Complexe Desjardins, Tour Nord;;Montreal;Quebec;H5B 1A2;;;;;;;;;;(514) 940-1481;1 855 291-6467;(514) 873-2916;;;Par courrier / By mail: Ministere du revenu du Quebec  // C.P. 6800, Succ. Desjardins // Montreal, Quebec   H5B 1J5
FAMILY BENEFITS;;;Directeur de l'etat civil;;2050, rue Bleury, rez-de chaussee;;Montreal;Quebec;H3A 2J5;Place des Arts;;08h30-16h30;08h30-16h30;10h00-16h30;08h30-16h30;08h30-16h30;;"Lundi a vendredi: 8h30 a 16h30 ;  mercredi 10h00 a 16h30";(514) 644-4545;1 877 644-4545;(514) 864-4640;;;Par courrier / By mail: 2535 boulevard Laurier // Quebec (Quebec) G1V 5C5
FAMILY BENEFITS;;;Ministere de la famille et de l'enfance;;600, rue Fullum;;Montreal;Quebec;H2K 4S7;;;;;;;;;;(514) 873-9342;1 877 216-6202;(514) 873-9395;;;Info on daycare, daycare subsidies, addresses of existing daycares To register for a 7$/day daycare: www.laplace0-5.com
FAMILY BENEFITS;;;Regime quebecois d'assurance parentale / QPIP;;;;;;;;;;;;;;;;1 888 610-7727;;;;;**TTY is a phone service for deaf or hard of hearing people.
WOMEN;;;AMAL Women Centre (Centre for Muslim Women);;903, Boul Decarie, Suite 204;Suite 204;Ville St. Laurent;Quebec;H4L 3N3;;;09h30-14h30;09h30-14h30;09h30-14h30;09h30-14h30;;;Lundi a jeudi : 9h30 � 14h30;(514) 855-0330;;;;amalwomencenter@yahoo.ca;. Halal food basket program (once monthly � need to bring bills, lease, proof of income), referrals, crisis counselling, follow up around domestic violence.
WOMEN;;;Centre des femmes de Montreal - Women's Centre of Montreal;;3585, rue Saint-Urbain;;Montreal;Quebec;H2X 2N6;;;09h00-17h00;09h00-21h00;09h00-17h00;09h00-21h00;09h00-17h00;;"Lundi, mercredi, vendredi 09h00 a 17h00�; mardi, jeudi 09h00 a 21h00";(514) 842-4781;;;;spl@centredesfemmesdemtl.org;
WOMEN;;;Centre des femmes d'ici et d'ailleurs;;8043, rue Saint-Hubert (Metro: Jarry);;Montreal;Quebec;H2R 2P4;Jarry;;;;;;;;;(514) 495-7728;;;;cdf.iciailleurs@bellnet.ca;
WOMEN;;;Femmes du monde a C�te-Des-Neiges;;6767, chemin de la C�te-des-Neiges, bureau 597;bureau 597;Montreal;Quebec;H3S 2T6;;;09h00-17h00;13h00-17h00;09h00-17h00;09h00-17h00;;;"Lundi, mercredi, jeudi 09h00 a 17h00 ; mardi 13h00 a 17h00 ; vendredi ferme";(514) 735-9027;;;;fdmcdn@rocler.com;
WOMEN;;;Centre des victimes d'agression sexuelle de Montreal;;Mailing�: 1801, boulevard de Maisonneuve Ouest, bureau 600;bureau 600;Montreal;Quebec;H3H 1J9;;;;;;;;;;1 888 933-9007;(514) 934-4504;;;;
WOMEN;;;Projet Chance (pour meres celibataires qui sont etudiantes a plein temps);;3950, rue Cavendish, bureau 17;bureau 17;Montreal;Quebec;H4B 2N3;;;;;;;;;;(514) 934-6199;(514) 934-1666;;;;CEGEP, University or other professional cours, femmes 18-35 ans.
WOMEN;;;SOS Violence conjugale;;;;;;;;;;;;;;;;514) 728-0023;1 800 363-9010;;;sos@sosviolenceconjugale.ca;
WOMEN;;;Auberge Shalom;;C.P 386, Succursale Snowdon;;Montreal;Quebec;H3X 3Y1;;;;;;;;;;514) 731-0833;(514) 485-4783;;;infoaspf@videotron.ca;Counselling, resource and shelter
WOMEN;;;La Mission Bon Accueil;;1148, rue Beaudry;;Montreal;Quebec;H2L 3E5;;;;;;;;;;(514) 904-1346;;(514) 904-2638;;;Services aux familles: lundi a vendredi 09h00 a 16h00 (effets de scolaire, camp d'ete) Banque de nourriture: mardi et vendredi 09h00 a 12h00 (13h00 et 15h00 sur rendez-vous) Consultations: lundi a vendredi 09h00 a 15h00 (assistance sociale, immigration, logements, bien-�tre, problemes familiaux, personnes en crise)
IMMIGRATION;;;Centre d'immigration Canada;;1010, rue Saint-Antoine Ouest, 2e etage;;Montreal;Quebec;H3C 1B2;Bonaventure;;08h30-16h30;08h30-16h30;08h30-16h30;08h30-16h30;08h30-16h30;;Lundi a vendredi 08h30 a 16h30;1 888 242-2100;;(514) 496-1881;www.cic.gc.ca;;"Everything must be done by phone or fax; cannot meet anyone at the office"
IMMIGRATION;;;Immigration Quebec � MIDI;Ministere de l'Immigration de la Diversite et de l'Inclusion;285, rue Notre-Dame Ouest, 4e�etage;;Montreal;Quebec;H2Y 1T8;;;;;;;;;;(514) 864-9191;;;www.immigration-quebec.gouv.qc.ca/;;Only a mailing address. No one will see you at this address. There are no longer any physical offices for Immigration Quebec. All forms can be found online. Any questions can be answered over the phone.
IMMIGRATION;;;Pour transmettre des documents relatifs aux services de la francisation :;Direction du registraire et des services en ligne;800, boulevard de Maisonneuve Est, bureau 301;bureau 301;Montreal;Quebec;H2L 4L8;;;;;;;;;;;;;;;
IMMIGRATION;;;MIDI Siege social;;360, rue McGill;;Montreal;Quebec;H2Y 2E9;;;;;;;;;;(514) 864-9191;;;;;
Passport;;;Bureau des passeports;;200, rue Rene-Levesque Ouest, Tour Ouest, 8e etage, bureau 130;bureau 130;Montreal;Quebec;H2Z 1X4;Place d'Armes;;07h30-16h30;07h30-16h30;07h30-16h30;07h30-16h30;07h30-16h30;;Lundi a vendredi 07h30 a 16h30;1 800 567-6868;;;www.passeport.canada.ca;;
Passport;;;Bureau des passeports;;2089, boulevard Marcel Laurin, bureau 100;bureau 100;Ville St-Laurent;Quebec;;;;07h30-16h30;07h30-16h30;07h30-16h30;07h30-16h30;07h30-16h30;;Lundi a vendredi 07h30 a 16h30;;;;;;
Passport;;;Multi-ecoute (Help filling out passport applications- $10/form);;3600, rue Barclay, bureau 460;bureau 460;Montreal;Quebec;H3S 1K5;;;;;;;;;;(514) 737-3604;;(514) 737-5631;;;
Community Organizations;;ALAC;ALAC;;5165, chemin Queen Mary, bureau;;Montreal;Quebec;H3W 1X7;;;;;;;;;;(514) 737-3642;;;;info@alac.qc.ca;
Community Organizations;;ALPA;ALPA (Accueil liaison pour arrivants);;2030, boulevard Pie IX, bureau 309;bureau 309;Montreal;Quebec;H1V 2C8;;;08h00-16h00;08h00-16h00;08h00-16h00;08h00-16h00;08h00-16h00;;Lundi a vendredi 8h-16h00;(514) 255-3900;;(514) 255-6455;;;
Community Organizations;;CARI;CARI (Centre d'accueil et de reference pour immigrants);;774, boulevard Decarie;;Ville Saint-Laurent;Quebec;H4L 3L5;Du College;;09h00-17h00;09h00-17h00;09h00-17h00;09h00-17h00;09h00-17h00;;"Lundi a vendredi 9h a 12h ; 13h-17h. Sur RDV.";(514) 748-2007;;(514) 748-2766;;carist@cari.qc.ca;"Clientele : Toutes categories. Services / Activites : Aide a remplir les formulaires (frais minimimes pour Res.Perm. 5+ annees) ; programme �Famille et rapprochement interculturel � (logement, budget, inscription a ecoles, etc) ; cours de francisation ; recherche d'emploi ; cliniques d'imp�t pour familles a faible revenue (moins $26,000/annee, frais de $5) ; clinique juridique une fois par mois (par RDV) ; activites de jumelage, artisanat, informatique."
Community Organizations;;CLAM;CLAM (Carrefour de liaison et d'aide multi-ethnique);;7290, rue Hutchison, 2e etage;;Montreal;Quebec;H3N 1Z1;Parc;;09h00-17h00;09h00-17h00;09h00-17h00;09h00-17h00;09h00-17h00;;Lundi a vendredi 9h00-17h00.;(514) 271-8207;;(514) 271-8254;;clam@bellnet.ca;
Community Organizations;;CSAI;CSAI (Centre social d'aide aux immigrants);;6201, rue Laurendeau;;Montreal;Quebec;H4E 3X8;Jolicoeur;;08h30-16h30;08h30-16h30;08h30-16h30;08h30-16h30;08h30-16h30;;Lundi a vendredi 08h30 a 16h30. Peux faire des rendez-vous sur ligne.;(514) 932-2953;;(514) 932-4544;centrecsai.org/contact-csai;;
Community Organizations;;CSAI;CSAI (Centre social d'aide aux immigrants);;3782, rue Wellington;;Montreal;Quebec;H4E 3X8;De l'eglise;;08h30-16h30;08h30-16h30;08h30-16h30;08h30-16h30;08h30-16h30;;Lundi a vendredi 08h30 a 16h30. Ils offrent tous les services de CSAI sauf sur l'emploi;(514) 761-3333;;(514) 761-1463;;;"Services offertes en fran�ais, anglais, creole, arabe, espagnol, serbo-croate, dari, persan. Clientele : Residents permanents depuis moins de 5 ans, refugies. Services / Activites : Accueil et intervention psycho sociales ; Information sur les aspects legaux de l'immigration, sur la protection des droits reconnus et les differents systemes : sante, scolaire, judicaires ; cours de francisation ; cours d'informatique ; recherche d'emploi et de logements ; Clinique d'imp�t pour familles a faible revenu (prendre RDV)."
Community Organizations;;;La Maisonnee;;6865, avenue Christophe Colombe, (coin Belanger);;Montreal;Quebec;H2S 2H3;Jean Talon;;09h00-17h00;09h00-17h00;09h00-17h00;09h00-17h00;09h00-17h00;;Lundi a vendredi 9h a 17h00;(514) 271-3533;;(514) 271-1910;;info@lamaisonnee.org;"Clientele : Immigrants re�us, demandeurs d'asile, refugies acceptes. Services / Activites : Aide a remplir les formulaires ; conseils juridiques lorsque stagaires en droit ; depannage alimentaire (pour tous) ; ateliers pour l'employabilite (pour les residents permanentes depuis moins de 5 ans principalement) ; cours de francisation, d'espagnol, et d'anglais ; aide aux devoirs et prevention du decrochage scolaire; activites communautaires diverses ; clinique d'imp�t pour individus (<$20,000) et familles (<$26,000) a faible revenu (prendre RDV)."
Community Organizations;;;L'Hirondelle;;4652, rue Jeanne Mance, 2e etage;;Montreal;Quebec;H2V 4J4;Mont Royal, Bus 97 ou le 11;;09h00-17h00;09h00-17h00;09h00-17h00;09h00-17h00;09h00-17h00;;Lundi a vendredi 9h a 12h00, 13h a 17h00.;514) 281-2038;(514) 281-5696;;;administration@hirondelle.qc.ca;"Clientele : Residents permanents depuis moins de 5 ans, demandeurs d'asile, refugies acceptes. Services / Activites : Aide a remplir des formulaires et assistance dans toute la demarche d'immigration ; recherche d'emploi et de logement ; traduction ; aide alimentaire."
Community Organizations;;PROMIS;PROMIS (Promotion multiculture integration societe nouvelle);;3333, chemin de la C�te-Sainte-Catherine (corner Decelles);;Montreal;Quebec;H3T 1C8;;;09h00-17h00;09h00-17h00;09h00-17h00;09h00-17h00;09h00-17h00;;Lundi a vendredi 09h00 a 17h00;(514) 345-1615;;(514) 345-1088;http://promis.qc.ca/;;"Clientele : Tous ! Service / Activites : Aide a remplir les formulaires (pas passport) ; Officier assermente sur place (prendre rdv) ; Aide a la recherche d'emploi ; Aide aux familles (v�tements, references pour nourriture) : Francisation ; cours interculturel pour femmes d'Asie du Sud (artisanat, couture)."
Community Organizations;;SIARI;SIARI (Service d'interprete, d'aide et de reference aux immigrants);;6767, chemin de la C�te-des-Neiges, bureau 499;bureau 499;Montreal;Quebec;H3S 2T6;;;;;;;;;;(514) 738-4763;;514) 738-4925;;;"Clientele : Toutes categories ! Service / Activites : Cours de francais, d'anglais, d'informatique. Cours de couture (en tamoul et en bengali) gratuits mais doivent fournir leur propre materiel ; camp d'ete pour les enfants."
Community Organizations;;PRAIDA;PRAIDA (Programme regional d'aide aux demandeurs d'asile);;5700, chemin de la C�te-des-Neiges, 3e etage (CLSC CDN);;Montreal;QC;H1T 3X2;;;;;;;;;;(514) 731-8531 ext.2880;;;;;"Clientele : Demandeus d'asile. Service / Activites : Information generale (pas d'aide pour remplir formulaires) ; reference a des avocats ; assistance financiere ; aide pour trouver logement."
Community Organizations;;;Solidarity Across Borders;;1500 de Maisonneuve West, # 204; # 204;Montreal;QC;H3G 1N1;;;;;;;;;;;;;;solidaritesansfrontieres@gmail.com;Clientele : People who have exhausted their options legally. This is a volunteer service, so please do not give this number out unless people seem to have �tried everything�. Service / Activites : Monthly meet-up to help people with information and mutual support. Find out when the next clinic is happening at http://www.solidarityacrossborders.org/en/support-clinic-for-migrants. Can help people without status/papers (or awaiting status/papers) get access to services. DIY Humanitarian Application. * if you are facing deportation (failed refugee claim, criminal record, non-renewal of visa, etc) * if you are having difficulties accessing services because of immigration status * if you want to connect with others struggling with precarious immigration status �
INCOME TAXES;;;Agence du revenu du Canada;;305, boulevard Rene Levesque Ouest;;Montreal;Quebec;H2Z 1A6;;;;;;;;;;1 800 959-8281;1 800 959-7383;;www.rc.qc.ca;;Par courrier / By mail: C.P. 4000, Succ. Bureau Chef, Shawinigan-Sud, Quebec G9N 7V9
INCOME TAXES;;;Revenu Quebec;Complexe Desjardins, Tour Nord, basilaire 1;150, rue Sainte-Catherine Ouest;;Montreal;Quebec;H5B 1A4;;;;;;;;;;(514) 864-6299;1 800 267-6299;;;;Par courrier / By mail: Revenu Quebec // C. P. 3000, succursale Place-Desjardins // Montreal, Quebec H5B 1A4
INCOME TAXES;;;Clinique d'impots;;576, rue Sainte-Catherine Est, bureau 110;bureau 110;Montreal;Quebec;H2L 2E1;Beaudry;;;;;;;;;(514) 990-3789;;;;;Par rendez-vous / By appointment. Professional accountants with good rates.
Resources for LGBTQ+ people;;;AGIR (Action LGBTQ with Immigrant and Refugees);;;;;;;;;;;;;;;;;;;;soutien.support@agirmontreal.org;Pas d'adresse  Groupes de discussion, informations, ressources et fait la defense des droits de la communaute migrante LGBTQ+ (demandeurs d'asile, refugies, immigrants et personnes sans papiers
Resources for LGBTQ+ people;;;Arc-en-ciel d'afrique;;576 Sainte-Catherine Est, bureau 104;bureau 104;Montreal;QC;H2L 2E1;;;;;;;;;;(514) 373-1953;;;;info@arcencieldafrique.org;"Bureaux ouverts du lundi a vendredi � de 10h a 18h ; nouveaux membres uniquement le vendredi de 13h a 17h. Accompagnement, defense des droits, et activites pour les personnes LGBT afro-caribeennes, aide avec le processus d'immigration"
Resources for LGBTQ+ people;;;Centre communautaire des gaies et lesbiennes de Montreal;;2075 rue Plessis, bureau 110;bureau 110;Montreal;QC;H2L 2Y4;;;13h00-18h00;13h00-18h00;13h00-18h00;13h00-18h00;13h00-18h00;;Lundi a vendredi 13h a 18h00.;(514) 528-8424;;;;info@ccglm.org;Clinique d'information juridique gratuite, references, bibliotheque.
Resources for LGBTQ+ people;;;Centre de solidarite lesbienne;;4126 rue St-Denis, bureau 301;bureau 301;Montreal;QC;H2W 2M5;;;09h00-16h00;09h00-16h00;09h00-16h00;09h00-16h00;09h00-16h00;;Bureaux ouverts du lundi a jeudi de 9h a 16h;(514) 526-2452;;;;info@solidaritelesbienne.qc.ca;Groupe de discussion, soutien pour lesbiennes qui vivent une situation de violence conjugale.
Resources for LGBTQ+ people;;;Gai ecoute;;C.P. 1006, succursale C;;Montreal;QC;H2L 4V2;;;;;;;;;;1 888 505-1010;(514) 866-0103;;;aide@gaiecoute.org;"Ligne telephonique 24 heures sur 24 ; ecoute et references."
Resources for LGBTQ+ people;;;GAPVIES;;3330 rue Jarry Est;;Montreal;QC;H1Z 2E8;;;;;;;;;;(514) 722-5655;;;;gapvies@gapvies.ca;Ligne telephonique pour personne seropositive des communautes ha�tienne et africaine
Resources for LGBTQ+ people;;;ReZO;;2075 rue Plessis, bureau 207;bureau 207;;;;;;;;;;;;;(514) 521-7778;;;;aide@gaiecoute.org;Servies de sante pour hommes gais et bisexuels, incluant les travailleurs du sexe.
Resources for LGBTQ+ people;;;a deux mains;;5833 rue Sherbrooke Ouest;;Montreal;QC;H4A 1X4;;;;;;;;;;(514) 481-0277;;;;info@headandhands.ca;Clinique de sante (personnes trans sont bienvenuEs), soutien psychosocial pour individuEs et familles, soutien legal, depannage alimentaire, echange de seringues, programme pour les jeunnes parents.
Resources for LGBTQ+ people;;;Jeunesse Lambda;;1575 rue Amherst;;Montreal;QC;H2L 3L4;;;;;;;;;;(514) 528-7535;;;;info@jeunesselambda.org;Discussion le vendredi soir, soutien, activites en groupe. En francais.
Resources for LGBTQ+ people;;;Projet 10;;1575 rue Amherst;;Montreal;QC;H2L 3L4;;;;;;;;;;(514) 989-4585;;;;questions@p10.qc.ca;Activites les jeudis soirs 18h30-20h30. Ligne d'ecoute de mardi a jeudi 12h-18h00.
Resources for LGBTQ+ people;;;Action Sante Travesti(e)s et Transexuel(le)s du Quebec (ASTT(e)Q);;300 rue Sainte-Catherine E;;Montreal;QC;H2X 3E7;;;;;;;;;;(514) 847-0067 p.207;;;;info@astteq.org;Accompagnement et defense de droit, activites en groupe, echange de seringues, clinique juridique pour changement de nom.
Resources for LGBTQ+ people;;;ATQ (L'Aide aux transexuelles du Quebec);;CP 476, Succ. C;;Montreal;QC;H2L 4K4;;;;;;;;;;514-254-9038;1 855 909 9038 x 3;;;ecoute@atq1980.org;Ligne d'ecoute et de references, activites pour les familles de personnes trans.
Resources for LGBTQ+ people;;;Centre de lutte contre l'oppression des genres;;2110 rue Mackay;;Montreal;Quebec;H3G 1M8;;;09h00-17h00;09h00-17h00;09h00-17h00;09h00-17h00;09h00-17h00;;Lundi a vendredi : 9h-17h00;(514) 848-242 x7431;;;;;Support par les pairs, references, echange de seringues, cartes d'identite avec le nom et les marquers de gendre de preference.
Resources for LGBTQ+ people;;;Trans Lifeline;;;;;;;;;;;;;;;;1 877 330-6366;;;;;Ligne telephonique pour et par personnes trans.
HOUSING;;;Regie du logement;;Village olympique, Aile/Wing D 5199 rue Sherbrooke Est;;Montreal;Quebec;H1T 3X1;;;08h30-16h30;08h30-16h30;08h30-16h30;08h30-16h30;08h30-16h30;;Lundi a vendredi: 8h30 a 12h00 et 13h00 a 16h30;(514) 873-2245;;(514) 864-8077;www.rdl.gouv.ca;;
HOUSING;;;Departement des inspections;;5160, boulevard Decarie, bureau 865, rez-de-chaussee;bureau 865;Montreal;Quebec;H3X 2H9;;;08h30-16h30;08h30-16h30;13h30-16h30;08h30-16h30;08h30-16h30;;Lundi a vendredi: 8h30 a 12h00 et 13h30 a 16h30,  mercredi matin - ferme;(514) 872-5160;;(514) 872-2765;;;
HOUSING;;;Regie du b�timent;;545, rue Cremazie Est, 4e etage;;Montreal;Quebec;H2M 2V2;;;08h30-16h30;08h30-16h30;10h30-16h30;08h30-16h30;08h30-16h30;;Lundi, mardi, jeudi, vendredi 08h30 a 16h30 Mercredi 10h30 a 16h30;(514) 873-0976;1 800 361-0761;1 866-315-0108;;;
HOUSING;;;Societe environnementale de C�te-des-Neiges;;6767, chemin de la C�te-des-Neiges, bureau 591;bureau 591;Montreal;Quebec;H3S 2T6;;;;;;;;;;(514) 738-7848;;(514) 738-8690;;;Will pick-up and store belongings (at a warehouse on Jean Talon) for evictions in CDN/NDG. Call borough office for other areas.
HOUSING;;;Allocation logement;;150, rue Sainte-Catherine Ouest 3 Complexe Desjardins,Tour Nord;;Montreal;QC;H5B 1A4;;;08h30-16h30;08h30-16h30;08h30-16h30;08h30-16h30;08h30-16h30;;Lundi a vendredi 08h30 a 16h30;(514) 864-6299;1 800 267-6299;;www.revenu.gouv.qc.ca;;Par courrier: Direction principale des relations avec la clientele des particuliers, C.P. 3000, succursale Place-Desjardins, Montreal, Quebec, H5B 1A4
HOUSING;;;Acces Montreal;;5160, boulevard Decarie, Rez-de-chaussee;;Montreal;Quebec;H3X;;;08h30-17h00;08h30-17h00;08h30-17h00;08h30-17h00;08h30-17h00;;Lundi a vendredi 8h30 a 17h00;(514) 872-1111;;(514) 872-5173;;;
Community Organizations;;;Arnold Bennett tenants' rights hotline and walk-in clinic;;6462, rue Sherbrooke Ouest, bureau 2;bureau 2;;;;Vend�me, Bus 105;10h30-13h00;09h00-21h00;09h00-21h00;09h00-21h00;09h00-21h00;09h00-21h00;10h30-13h00;Lundi a Vendredi 09h00 a 21h00 Samedi / Saturday: 10h30 a 13h00;(514) 488-0412;;;;;
Community Organizations;;;Barreau du Quebec;Service telephonique du logement / Housing problems telephone line;;;;;;;;08h30-16h30;08h30-16h30;08h30-16h30;08h30-16h30;08h30-16h30;;Lundi a vendredi 08h30 a 16h30 / Monday to Friday 08h30 - 16h30;1 844 227-3790;;;;;Premiere consultation telephonique gratuite / First telephone consultation is free.
Community Organizations;;;OEIL (Organisation d'education et d'information logement);;3600, rue Barclay, bureau 344;bureau 344;Montreal;Quebec;H3S 1K5;;;14h00-17h00;;9h30-17h00;;09h30-12h00;;Lundi: 14h00 a 17h00, mercredi: 9h30 a 12h00, 14h00 a 17h00, vendredi: 09h30 a 12h00;(514) 738-0101;;(514) 738-2231;;oeilcdn@videotron.ca;
Community Organizations;;;POPIR (Projet d'organisation populaire d'information et de regroupement);;4017, rue Notre-Dame Ouest;;Montreal;Quebec;H4C 1R3;Place Saint-Henri;;09h00-16h30;09h00-16h30;13h00-16h30;09h00-16h30;09h00-16h30;;Lundi a jeudi 09h00 a 12h00 et 13h00 a 16h30 (mercredi: ferme de 9h00 a 12h00);(514) 935-4649;;(514) 935-4067;;;Pour les personnes qui ont besoin d'un local accessible, il peux faire une RDV a une autre local.
Community Organizations;;;Association des locataires de Villeray;;7378, rue Lajeunesse, bureau 213;bureau 213;Montreal;Quebec;H2R 2H8;;;;13h30-16h30;;13h30-16h30;;;Mardi et jeudi de 13h30 a 16h30 (RDV de soir disponible);(514) 270-6703;(514) 270-3500;;;alv@cooptel.qc.ca;
Community Organizations;;;Comite d'action de Parc-Extension;;419, rue Saint-Roch, local SS03 (sous-sol);local SS03 (sous-sol);Montreal;Quebec;H3N 1K2;;;;09h30-16h30;09h30-16h30;09h30-16h30;;;Mardi, mercredi et jeudi 9h30 a 11h30, 13h30 a 16h30.;(514) 278-6028;;;;cape@cooptel.qc.ca;RDV dispo en espagnol aussi.
Community Organizations;;;Comite d'action des citoyen(ne)s de Verdun;;3972, rue Verdun;;Montreal;Quebec;H4G 1K9;;;09h00-16h30;13h00-16h30;09h00-12h00;13h00-16h30;;;"lundi: 9h00 a 12h00, 13h00 a 16h30 ; mardi 13h00 a 16h30 ; mercredi 9h00 a 12h00 ; jeudi 13h00 a 16h30.";(514) 769-2228 ext. 101;;;;;Par RDV est mieux, il y a des consultations sans rendez-vous sur
Community Organizations;;;Comite logement Ahuntsic-Cartierville;;10780, rue Laverdure, bureau 208 et 211;bureau 208 et 211;Montreal;Quebec;H3L 2L9;;;;;;;;;;(514) 331-1773;;;;info@comitelogement.com;
Community Organizations;;;Comite logement Lachine/Lasalle;;426, rue St-Jacques Ouest;;Montreal;Quebec;H8R 1E8;;;;09h00-17h00;;09h00-17h00;09h00-17h00;;Mardi, jeudi et vendredi 09h00 a 12h00 et 13h00 a 17h00;(514) 544-4294;;;;;
Community Organizations;;;Comite logement Petite-Patrie;;6839A, rue Drolet;;Montreal;Quebec;H2S 2T1;;;09h30-16h30;09h30-16h30;09h30-16h30;09h30-16h30;;;Lundi a jeudi, de 9h30 a 12h et 13h30 a 16h30.;(514) 272-9006;;;;clpp@bellnet.ca;
Community Organizations;;;Comite logement Plateau Mont-Royal;;4450, rue Saint-Hubert, bureau 328;bureau 328;Montreal;Quebec;H2J 2W9;;;09h00-17h00;09h00-12h00;09h00-17h00;09h00-17h00;;;Lundi, mercredi, jeudi 9h a 12h et 13h30 a 17h00, mardi 9h-12h.;(514) 527-3495;;;;clplateau@clpmr.com;
Community Organizations;;;Comite logement Rosemont;;5350, rue Lafond, bureau R-145;bureau R-145;Montreal;Quebec;H1X 2X2;;;09h00-17h00;09h00-17h00;09h00-17h00;09h00-17h00;09h00-17h00;;Lundi a vendredi 09h00 a 17h00;(514) 597-2581;;;;info@comitelogement.org;
Community Organizations;;;Comite logement Ville-Marie;;1710, rue Beaudry, bureau 26;bureau 26;Montreal;Quebec;H2L 3E7;;;;;;;;;;(514) 521-5992;;;;info@clvm.org;
Community Organizations;;;Entraide logement Hochelaga-Maisonneuve;;1475, av. Bennett, bureau 2;bureau 2;Montreal;QC;H1V 1S5;;;13h00-16h00;13h00-16h00;13h00-16h00;13h00-16h00;;;Lundi au jeudi, de 13h00 a 16h00.;(514) 528-1634;;;;elhm@cam.org;
Community Organizations;;;Infologis de l'Est de l'�le de Montreal;;2532, rue Des Ormeaux;;Montreal;Quebec;H1L 4X5;;;09h00-16h00;09h00-16h00;09h00-16h00;09h00-16h00;09h00-16h00;;Lundi a vendredi 9h00 a 12h00 et 13h00 a 16h00 (durant l'ete, vendredi�: 9h a 12h);(514) 354-7373;;;;info@infologis.ca;
Community Organizations;;;Societe d'Amelioration Pointe St-Charles;;1945, rue Mullins, bureau 110;bureau 110;Montreal;Quebec;H3K 1N9;;;;;;;;;;(514) 932-7742;;;;infolog@rilsocam.org;
Apartment Search;;;Face a Face;;980, rue Saint-Antoine Ouest, bureau 101B;bureau 101B;Montreal;Quebec;H3C 1A8;;;;;;;;;;(514) 934-4546;;(514) 934-0063;;info@faceafacemontreal.org;
Apartment Search;;ROMEL;ROMEL;;6555, chemin de la C�te-des-neiges, suite 400;suite 400;Montreal;Quebec;H3S 2A6;;;09h00-17h00;09h00-17h00;09h00-17h00;09h00-17h00;09h00-17h00;;Lundi a vendredi de 9h a 12h, 13h a 17h (vendredi ferme a 16h);(514) 341-1057;;(514) 341-8404;;;
Info for Landlords;;CORPIQ;CORPIQ;;750, boulevard Marcel-Laurin #131;#131;Saint-Laurent;Quebec;H4M 2M4;;;08h30-16h30;08h30-16h30;08h30-16h30;08h30-16h30;08h30-16h30;;Lundi a vendredi, 8h30-16h30;(514) 748-1921;1 800 548 1921;;;corpiq@corpiq.com;Frais d'adhesion : $179
Info for Landlords;;;Association des Proprietaires du Quebec;;10720 boulevard Saint-Laurent;;Montreal;Quebec;H3L 2P7;;;;;;;;;;(514) 382-9670;;(514) 382-9676;;;
SOCIAL HOUSING;;;OMHM - Office municipal d'habitation de Montreal (HLM) - Low-Cost Housing Office;;415, rue Saint-Antoine Ouest;;Montreal;Quebec;H2Z 1H8;Bonaventure;;;;;;;;;(514) 872-6442;(514) 868-5588;(514) 868-5966;;;
SOCIAL HOUSING;;;Federation des cooperatives d'habitation Intermunicipal du Montreal Metropolitain;;7000, avenue du Parc Bureau 206;Bureau 206;Montreal;Quebec;H3N 1X1;;;09h00-17h00;09h00-17h00;09h00-17h00;09h00-17h00;09h00-17h00;;Heures d'ete: lundi a jeudi 8h30 a 17h00, vendredi 09h00 a 12h00 Heures d'hiver: lundi a vendredi 9h00 a 17h00;(514) 843-6929;;;;info@fechimm.coop;Listing of available apartments can be found at fechimm.coop/en/cooperatives
SOCIAL HOUSING;;;Federation des locataires de HLM du Quebec (FLHLMQ);;2520, avenue Lionel Groulx, bureau 202;bureau 202;Montreal;Quebec;H3J 1J8;;;;;;;;;;(514) 521-1485;;(514) 521-6444;;info@flhlmq.com;
SOCIAL HOUSING;;;Federation des OSBL d'habitation de Montreal (FOHM);;2310, boulevard de Maisonneuve Est;;Montreal;Quebec;H2K 2E7;;;;;;;;;;(514) 527-6668;;(514) 527-7388;;info@flhlmq.com;
SOCIAL HOUSING;;;FRAPRU (Front d'action populaire en reamenagement urbain);;1431, rue Fullum, Bureau 201;Bureau 201;Montreal;Quebec;H2K 0B5;;;;;;;;;;(514) 522-1010;;(514) 527-3403;;frapru@frapru.qc.ca;
SOCIAL HOUSING;;;Groupe conseil en developpement de l'habitation (Groupe CDH);;1000, rue Amherst, bureau 201;bureau 201;Montreal;Quebec;H2L 3K5;;;;;;;;;;(514) 849-7800;;;;;
SOCIAL HOUSING;;;Residence Caldwell (Pour personnes �gees);;5750, rue Lemieux;;Montreal;Quebec;H3W 3G1;;;;;;;;;;(514) 737-7569;;;;;
SOCIAL HOUSING;;;SHDM (Societe d'habitation et de developpement de Montreal);;800, boulevard de Maisonneuve Est, bureau 2200, 22e etage;;Montreal;Quebec;H2L 4L8;;;08h30-16h30;08h30-16h30;08h30-16h30;08h30-16h30;08h30-16h30;;Lundi a vendredi 08h30 a 16h30;(514) 380-7436;;(514) 380-2101;;;
SOCIAL HOUSING;;;SHQ (Societe d'habitation du Quebec);;500, boulevard Rene Levesque Ouest, 5e etage;;Montreal;Quebec;H2Z 1W7;;;;;;;;;;1 800 463-4315;;(514) 873-8340;;;
C-D-N COMMUNITY ORGANIZATIONS;;;Association des parents (Joujoutheque, Toy Library);;6767, chemin de la C�te-des-Neiges, bureau 498;bureau 498;Montreal;Quebec;H3S 2T6;;09h30-16h30;09h30-17h00;09h30-16h30;09h30-17h00;14h00-16h30;09h30-17h00;09h30-16h30;"Lundi, mercredi, vendredi 09h30 a 17h00 ; mardi, samedi, dimanche 09h30 a 16h30 Jeudi 14h00 a 16h30";(514) 341-2844;;(514) 341-4869;;;
C-D-N COMMUNITY ORGANIZATIONS;;;Baobab familial;;6767, chemin de laC�te-des-Neiges, bureau 599;bureau 599;Montreal;Quebec;H3S 2T6;;;;;;;;;;(514) 734-4097;;(514) 734-0244;;information@baobabfamilial.org;Lundi 13h00 a 17h00, mardi, jeudi 09h00 a 17h00, vendredi 09h00 a 12h00
C-D-N COMMUNITY ORGANIZATIONS;;;Black Community Resource Centre;;6767, chemin de la C�te-des-Neiges, suite 497;suite 497;Montreal;Quebec;H3S 2T6;;;;;;;;;;(514) 342-2247;;(514) 342-2283;;info@bcrcmontreal.com;
C-D-N COMMUNITY ORGANIZATIONS;;;Centre communautaire de loisir C�te-Des-Neiges;;5347, chemin de la C�te-des-Neiges;;Montreal;Quebec;H3T 1Y4;;;09h30-19h30;09h30-19h30;09h30-19h30;09h30-19h30;09h30-19h30;09h30-16h00;Lundi a vendredi 09h30 a 19h30, samedi 09h30 a 16h00;(514) 733-1478;;(514) 733-7481;;secretariat@cclcdn.qc.ca;
C-D-N COMMUNITY ORGANIZATIONS;;;Centre communautaire de loisir C�te-Des-Neiges;;4880, avenue Van Horne;;Montreal;Quebec;H3W 1J3;;;;;;;;;;(514) 342-9988;;;;;"Lundi a vendredi 09h30 a 21h00; samedi, dimanche 08h30 a 18h00"
C-D-N COMMUNITY ORGANIZATIONS;;;Communaute Sepharade Unifee de Quebec;;5151, chemin de la C�te-Sainte-Catherine, Suite 216;Suite 216;Montreal;Quebec;H3W 3G2;;;;;;;;;;(514) 733-4998;;;;info@csuq.org;Lundi a jeudi 09h00 a 17h00, vendredi 08h30 a 16h00.
C-D-N COMMUNITY ORGANIZATIONS;;;Conseil communautaire C�te-Des-Neiges;;6767, ch de la C�te-des-Neiges, bureau 695;bureau 695;Montreal;Quebec;H3S 2T6;;;;;;;;;;(514) 739-7731;;(514) 739-7757;;coordination@conseilcdn.qc.ca;
C-D-N COMMUNITY ORGANIZATIONS;;;Eco-Quartier;;6767, ch de la C�te-des-Neiges, bureau 591;bureau 591;Montreal;Quebec;H3S 2T6;;;;10h00-18h00;10h00-18h00;10h00-18h00;10h00-18h00;10h00-13h00;Mardi a vendredi 10h00 a 18h00, samedi 10h00 a 13h00;(514) 738-7848;;;;info@socenv.ca;
C-D-N COMMUNITY ORGANIZATIONS;;;Maison des jeunes;;3220, avenue Appleton;;Montreal;Quebec;H3S 2T3;;;;;;;;;;(514) 872-1767;;;;mdjcdn2000@gmail.com;
C-D-N COMMUNITY ORGANIZATIONS;;;Mountain Sights Community Centre;;7802, rue Mountain Sights;;Montreal;Quebec;H4P 2B2;;;;;;;;;;(514) 737-4644;;(514) 737-4142;;c.c.m.s@videotron.ca;
C-D-N COMMUNITY ORGANIZATIONS;;;NDG Community Council;;5964, avenue Notre-Dame de Gr�ce, #204;#204;Montreal;Quebec;H4A 1N1;;;;;;;;;;(514) 484-1471;;;;ndgcc@ndg.ca;
C-D-N COMMUNITY ORGANIZATIONS;;;Women on the Rise;(Support programs and services for parents with children from 0-5 years old);6870 rue de Terrebonne;;Montreal;Quebec;H4B1C5;;;;;;;;;;(514) 485-7814;;;;womenontherise@bellnet.ca;
C-D-N COMMUNITY ORGANIZATIONS;;;Agence OMETZ;;5151, chemin de la C�te-Sainte-Catherine, bureau 300;bureau 300;Montreal;Quebec;H3W 1M6;;;09h00-17h00;09h00-17h00;09h00-17h00;09h00-17h00;09h00-16h00;;Lundi a jeudi 09h00 a 17h00, vendredi 09h00 a 16h00.;(514) 342-0000;;(514) 342-2371;;Email : info@ometz.ca;Aide avec la recherche d'emploi pour personnes de 45 ans+, ou qui ont besion de support addiotionelle, et aussi pour les Juifs. Ils offrent aussi des autres supports
C-D-N COMMUNITY ORGANIZATIONS;;YM YWHA;YM YWHA;(Jewish Community Centre);5400, rue Westbury;;Montreal;Quebec;H3W 2W8;;07h30-20h00;04h45-22h30;05h45-22h30;04h45-22h30;05h45-22h30;05h45-16h30;07h30-21h00;Lundi, Mercredi 04h45 a 22h30, Mardi, Jeudi 05h45 a 22h30 Vendredi 04h45 a 16h30, Samedi 07h30 a 21h00, Dimanche 07h30 a 20h00;(514) 735-6551;;;;;
PENSIONS;;;Pensions de la securite de la vieillesse;Bureau le plus pres (West End office):;5160, boulevard Decarie, bureau 700;bureau 700;Montreal;Quebec;H3X 2H9;Snowdon;;08h30-16h00;08h30-16h00;08h30-16h00;08h30-16h00;08h30-16h00;;Lundi a vendredi 08h30 a 16h00.;1 800 277-9914;1 800 277-9915;1 418 648-2470;;;Press 1 for pension.
PENSIONS;;;Pensions de la securite de la vieillesse;Downtown Office:;Complexe Guy Favreau, Suite 034 200 boulevard Rene Levesque Ouest;Suite 034;Montreal;Quebec;H2Z 1X4;Place des Arts;;08h30-16h00;08h30-16h00;08h30-16h00;08h30-16h00;08h30-16h00;;Lundi a vendredi�: 08h30 a 16h00;;;;;;Par courrier / By mail: C.P. 1816, Quebec, Quebec   G1K 7L5
PENSIONS;;;Retraite Quebec  (Quebec Pension Plan);;1055, boulevard Rene Levesque Est;;Montreal;Quebec;H2L 4S5;Berri;;;;;;;;;(514) 873-2433;;(514) 873-4408;;;Par courrier / By mail: Case Postale 5200, Quebec, Quebec   G1K 7S9.
SENIORS;Community Organizations;;Cummings Jewish Centre For Seniors (Golden Age Association);;5700, avenue Westbury 3 Carre Cummings Montreal;;;Quebec;H3W 3E8;;;;;;;;;;(514) 342-1234;;(514) 739-6899;;;Helps with applications for compensation for Holocaust Survivors from Germany.
SENIORS;Community Organizations;;Centre des a�ne(e)s de C�te-Des-Neiges (fran�ais seulement);;6600, avenue Victoria bureau 101;bureau 101;Montreal;Quebec;H3W 3G7;;;;;;;;;;(514) 344-1210;;;;;
SENIORS;Community Organizations;;NDG Senior Citizen Council;;88, rue Ballanthyne North;;Montreal;Quebec;H4X 2B8;;;;;;;;;;(514) 487-1311;;(514) 487-1203;;info@ndgscc.ca;Helps with applications for Canadian pension, Quebec pension, HLM, Shelter allowance, transport adapte. Accompagniment and transport to medical appts, day programs, etc
SENIORS;Community Organizations;;West Island Citizen Advocacy;;68, rue Prince-Edward;;Pointe-Claire;Quebec;H9R 4C7;;;09h30-17h00;09h30-17h00;09h30-17h00;09h30-17h00;09h30-17h00;;Lundi a vendredi : 09h30 a 17h00;(514) 694-5850;;;;wica@qc.aibn.com;
SENIORS;Seniors' Volunteer Support Services;;Centre de benevolat de CDN;;4945, ch de la C�te-des-Neiges, bureau 6;bureau 6;Montreal;Quebec;H3V 1H5;;;08h30-18h00;08h30-18h00;08h30-18h00;08h30-18h00;08h30-11h30;;Lundi a jeudi 08h30 a 18h00, vendredi 08h30 a 11h30;(514) 340-1072;;(514) 340-0343;;;Volunteer support services - friendly visits, shopping assistance, accompagnement pour RDV medical, mais pas de transport, daily calls to check that everything is OK.
SENIORS;Seniors' Volunteer Support Services;;Entraide Benevole Metro;;1801, boulevard de Maisonneuve Ouest, Suite #750;Suite #750;Montreal;Quebec;H3H 1J9;;;08h30-16h30;08h30-16h30;08h30-16h30;08h30-16h30;08h30-16h30;;Lundi au vendredi 8h30 a 16h30;(514) 939-9575;;(514) 934-3776;;ebmmetro@vif.com;
SENIORS;Seniors' Volunteer Support Services;;Centre action benevolat de Ouest de l'�le;;1, rue de l'eglise;;Sainte-Anne-de-Bellevue;Quebec;H9X 1W4;;;;;;;;;;(514) 457-5445;;;;info@volunteerwestisland.org;
SENIORS;Seniors' Volunteer Support Services;;CLSC Rene Cassin;;5800, rue Cavendish, 6e etage;;C�te-Saint-Luc;Quebec;H4W 2T5;;08h00-16h00;08h30-18h00;08h30-18h00;08h30-18h00;08h30-18h00;08h30-18h00;08h00-16h00;Lundi a vendredi 08h30 a 18h00, samedi a dimanche 08h00 a 16h00;(514) 484-7878;;;;;
SENIORS;Seniors' Volunteer Support Services;;Ligne Reference-A�nes;;;;;;;;;09h00-16h00;09h00-16h00;09h00-16h00;09h00-16h00;09h00-16h00;;Lundi a vendredi 9h a 16h00.;(514) 694-6404;;;www.ainesmtl.ca;;
SENIORS;Seniors' Volunteer Support Services;;Ligne de reference pour les a�nes;;;;;;;;;;;;;;;;(514) 527-0007;;;;;
SENIORS;Seniors' Volunteer Support Services;SARPAD;SARPAD;;6555, chemin de la C�te-des-Neiges, bureau 442;bureau 442;Montreal;Quebec;H3S 2A6;;;09h00-17h00;09h00-17h00;09h00-17h00;09h00-17h00;09h00-16h30;;"Lundi a jeudi 9h a 12h et 13h a 17h; vendredi de 9h a 16h30.";(514) 737-2454;;;;sarpadcdn@sarpad.com;Volunteer support services - friendly visits, shopping assistance
SENIORS;Seniors' Volunteer Support Services;;Canadian Association of World War II Veterans from the Soviet Union;Mr. Groisberg, by appointment;;;;;;;;;;;;;;;(514) 573-7282;;;;;
SENIORS;Seniors' Volunteer Support Services;;Option Consommateurs;;50, rue Ste-Catherine Ouest, bur. 440;bur. 440;Montreal;Quebec;H3X 3V4;;;;;;;;;;(514) 598-7288 ext. 246;1 888 412-1313 ext. 246;;;;Help planning budget/personal finances. Issues with merchants, warranties, online shopping, identity theft. Free at home consultation offered till February 2017 (krobillard@option-consommateurs.org)
SENIORS;Seniors' Meal Delivery;;Popote roulante;;1919, rue Saint-Jacques;;Montreal;Quebec;H3J 1H2;;;08h00-16h00;08h00-16h00;08h00-16h00;08h00-16h00;08h00-16h00;;Lundi a vendredi 08h00 a 16h00;(514) 937-4798;;(514) 937-8588;;;
SENIORS;Seniors' Meal Delivery;;Santropol roulant;;111, rue Roy Est;;Montreal;Quebec;H2W 1V3;;;;;;;;;;(514) 284-9335;;(514) 284-5662;;;Livraison de lundi a samedi entre 15h00 et 18h00. Only serves specific areas, find map here: http://santropolroulant.org/en/become-a-client/
SENIORS;Seniors' Miscellaneous;;Alzheimer Society of Montreal;;4505, rue Notre-Dame Ouest;;Montreal;Quebec;H4C 1S3;;;09h00-17h00;09h00-17h00;09h00-17h00;09h00-17h00;09h00-17h00;;Lundi a vendredi 9h00 a 17h00. Dans l'ete : lundi a jeudi 8h30 a 17h00, vendredi 8h30 a 12h00;(514) 369-0800;;;;info@alzheimermontreal.ca;
SENIORS;Seniors' Miscellaneous;;Residence Caldwell;;5750, rue Lemieux;;Montreal;Quebec;H3W 3G1;;;;;;;;;;(514) 737-7569;;;;;Logement a loyer modique par la communaute juive / Jewish Community subsidized housing
SENIORS;Seniors' Miscellaneous;;Suicide action Montreal - Widow Support Programme;;C.P. 310, succ. St-Michel;;Montreal;Quebec;H2A 3M1;;;;;;;;;;(514) 723-4000;1 866 277-3553;;;;
SENIORS;Seniors' Miscellaneous;;Anciens Combattants Canada;;Place Bonaventure 800, rue de la Gauchetiere Ouest, bureau 6505;bureau 6505;Montreal;Quebec;;;;;;;;;;;1 866 522-2122;1 866 522-2022;;;;
SENIORS;Seniors' Miscellaneous;;Ligne Aide Abus Aines;;;;;;;;;;;;;;;;1 888 489-2287;;;;;
SENIORS;Seniors' Miscellaneous;;Clinique Juridique pour aines (55+);;;;;;;;;;;;;;;;(514) 844-9128 #206;;;;;Clinique mobile, appelez pour verifier l'adresse et pour prendre un rdv. Ils aident avec : immigration, logement, pension, mandats en prevision d'inaptitude, sante, wills, etc.
DISABLED PEOPLE;;;Office des Personnes Handicapees du Quebec;;309, rue Brock;;Drummondville;Quebec;J2B�1C5;;;08h30-16h30;08h30-16h30;08h30-16h30;08h30-16h30;08h30-16h30;;Lundi a vendredi 8h30 a 12h00, 13h00 a 16h30;1 800 567-1465;1 819 475-8585;;;info@ophq.gouv.qc.ca;Conseil pour creer une strategie pour obtenir l'acces aux services et programmmes. Accompagniement. References.
DISABLED PEOPLE;;;STM ID � Photo art;;1717, rue Berri;;;;;Berri-Uqam;10h30-17h00;11h30-18h00;11h30-18h00;11h30-18h00;11h30-18h00;11h30-18h00;10h30-17h00;Lundi a vendredi 11 h30 a 18 h00, samedi a dimanche 10 h30 a 17 h00;(514) 786-4636;;;;;Pour le transport a prix reduit/ For public transportation at reduced rates. Preuves d'adresse et d'�ge requises/Bring proof of age (medicare) and proof of address (utility bill).
DISABLED PEOPLE;;;STM: Transport adapte;;3111, rue Jarry Est;;Montreal;Quebec;H1Z 2C2;;;;;;;;;;(514) 280-8211;(514) 280-5445;;;;
DISABLED PEOPLE;;;HASI (Home adaptation for seniors independence);Societe d'habitation du Quebec;;;;;;;;;;;;;;;1 800 463-4315;;;;;
DISABLED PEOPLE;Community Organizations;;Altergo (Accessibilite universeelle en loisir, sport, et culture);;525, rue Dominion, Suite 340;Suite 340;Montreal;Quebec;H3J 2B4;;;09h00-17h00;09h00-17h00;09h00-17h00;09h00-17h00;09h00-17h00;;Lundi a vendredi 9h00 a 17h00.;(514) 933-2739;;;;info@altergo.ca;Regroupement des organismes qui offre plusieurs programmes sportifs (avec la possibilite de soutien financier), educatifs, evaluation des batiments, etc.
DISABLED PEOPLE;Community Organizations;;Association pour la defense des personnes et de leurs biens sous curatelle publique (ADPPC);;1857, boulevard de Maisonneuve O, bureau #120;bureau #120;Montreal;Quebec;H3H 1J9;;;09h00-17h00;09h00-17h00;09h00-17h00;09h00-17h00;09h00-17h00;;Lundi a vendredi 9h-17h.;(514) 906-1845;;;;curabec@outlook.com;Formulation des plaintes, accompagnement et soutien, info sur les reglements et directives internes du Curateur public, documentation.
DISABLED PEOPLE;Community Organizations;;Association des Parents et des Handicappees de la Rive-Sud Metropolitaine;;2545, rue Delorimier, Suite 110;Suite 110;Longueuil;Quebec;J4K 3P7;;;09h00-16h30;09h00-16h30;09h00-16h30;09h00-16h30;09h00-12h00;;Lundi a jeudi 9h00 a 12h00, 13h00 a 16h30 (vendredi- matin seulement).;(450) 674-5224;;;;aphrsm@hotmail.com;"Programmes d'activites recreatives, socio-culturelles ; defense des droits ; references, ecoute et support pour les personnes qui ont un handicap intellectuelle (pas physique)."
DISABLED PEOPLE;Community Organizations;;Association multiethnique pour l'integration des personnes handicapees;;6462, boulevard Saint-Laurent;;Montreal;Quebec;H2S 3C4;;;;;;;;;;(514) 272-0680;;;;ameiph@ameiph.com;Favoriser l'integration sociale et briser l'isolement des personnes ayant une deficience intellectuelle, physique, ou autre et faisant partie d'une communaute ethnoculturelle minoritaire. Remplir des formulaires, defense des droits, references, groups de soutien, cours de fran�ais.
DISABLED PEOPLE;Community Organizations;;Comite regional des associations pour la deficience intellectuelle (CRADI);;5095, 9e Avenue, bureau 100;bureau 100;Montreal;Quebec;H1Y 2J3;;;;;;;;;;(514) 255-8111;;;;cradi@cradi.com;Regroupement d'organismes : la defense des droits, la promotion des inter�ts des personnes ayant une deficience intellectuelle.
DISABLED PEOPLE;Community Organizations;;Confederation des organismes de personnes handicapees (COPHAN);;2030, boul. Pie-IX, bureau 300;bureau 300;Montreal;Quebec;H1V 2C8;;;;;;;;;;(514) 284-0155;;;;info@cophan.org;Regroupement d'action communautaire autonome de defense collective des droits.
DISABLED PEOPLE;Community Organizations;;Metropolitan Montreal Independent Living Resource Centre;;5555, avenue Westminster, bureau 404;bureau 404;Montreal;Quebec;H1Y 2J3;;;08h30-16h30;08h30-16h30;08h30-16h30;08h30-16h30;08h30-16h30;;Lundi a vendredi 8h30 a 12h00, 13h00 a 16h30.;(514) 288-1177;;;;information@va-m.org;References, soutien de groupe, aide avec des formulaires (comme contrainte severe a l'emploi), cours, defense des droits, aide a trouver un travail, aide avec l'application pour assistance a la maison.
DISABLED PEOPLE;Community Organizations;;Regroupement des Aveugles et Amblyopes du Montreal Metropolitain;;5215, rue Berri, Suite 200;Suite 200;Montreal;Quebec;H2J 2S4;;;;;;;;;;(514) 277-4401;;;;info@raamm.org;
DISABLED PEOPLE;Community Organizations;;Maison des femmes sourdes de Montreal;;4855, rue Boyer, suite 105;suite 105;Montreal;Quebec;H2J 3E6;;;;;;;;;;(514) 288-1177;(514) 255-5680;;;;
DISABLED PEOPLE;Community Organizations;;West Island Citizen Advocacy;;68, rue Prince-Edward;;Pointe-Claire;Quebec;H9R 4C7;;;09h30-17h00;09h30-17h00;09h30-17h00;09h30-17h00;09h30-17h00;;Lundi a vendredi�: 09h30 a 17h00;(514) 694-5850;;;;wica@qc.aibn.com;
MENTAL HEALTH;;;Action autonomie (Le collectif pour la defense des droits en sante mentale de Montreal);;3958, rue Dandurand, 3e etage;;Montreal;Quebec;H1X 1P7;;;09h00-17h00;09h00-17h00;09h00-17h00;09h00-17h00;09h00-17h00;;Lundi a vendredi 9h00 a 12h00, 13h00 a 17h00.;(514) 525-5060;;;;lecollectif@actionautonomie.qc.ca;"Accompagnement en defense des droits ; orientation vers les ressources. Formation sur les droits et recours en sante mentale et medication."
MENTAL HEALTH;;;AMI Quebec;;5800, boulevard Decarie;;Montreal;Quebec;H3W 3E4;;;09h00-17h00;09h00-17h00;09h00-17h00;09h00-17h00;09h00-16h00;;Lundi a jeudi 09h00 a 17h00, vendredi 9h00 a 16h00.;(514) 486-1448;;(514) 486-6157;;info@amiquebec.org;. References. Soutien a la famille et liaison entre les professionnels et la famille. Groupe d'education et entraide. Activites de sensibilisation. Defense des droits.
MENTAL HEALTH;;;Centre Miriam  (deficience intellectuelle);;8160, chemin Royden;;Mont-Royal;Quebec;H4P 2T2;;;09h00-17h00;09h00-17h00;09h00-17h00;09h00-17h00;09h00-17h00;;Lundi a vendredi 09h00 a 17h00.;(514) 345-0210;;;;;. Provides readaptation, residential, vocational integration and community integration services, as well as specialised educational assistance for clients, families and significant others. Housing. Must be referred by a CSSS.
MENTAL HEALTH;;;Concordia University - The Applied Psychology Centre;;7141, rue Sherbrooke Ouest, bureau PY-111 (Loyola Campus);bureau PY-111 (Loyola Campus);Montreal;Quebec;H4B 1R6;;;;;;;;;;(514) 848-2424 ext.7550;;;;;Psychotherapy and school evaluations for children, teens, adults, and families- By appointment, sliding scale - $30.00 maximum. Appeler en ao�t pour �tre mis sur la liste d'attente de septembre.
MENTAL HEALTH;;;Diogene � Programme Intervention et Recherche Psycauses;;CP 608, Succursale C;;Montreal;Quebec;H2L 4L5;;;;;;;;;;(514) 874-1214;;;;info@diogeneqc.org;Recherche de lodgement. Suivi alternatif communautaire. Service de references. Client doit appeler.
MENTAL HEALTH;;;Maison Multiethnique Myosotis;;660, rue Villeray, bureau 2.107;bureau 2.107;Montreal;Quebec;H2R 1J1;;;10h00-17h00;10h00-17h00;10h00-17h00;10h00-17h00;10h00-17h00;;Lundi a vendredi 10h a 17h;(514) 271-4407;;;;myosotis@bellnet.ca;Psychotheraphie familiale par rendez-vous, 12$ for people on welfare. Services offerts en fran�ais, anglais, polonais, russe, espagnol, allemand et roumain.
MENTAL HEALTH;;;Projet PAL;;861, rue de l'eglise;;Verdun;Quebec;H4G 2N3;;;09h00-16h00;09h00-16h00;09h00-16h00;09h00-16h00;09h00-16h00;;Lundi a vendredi 9h a 16h;(514) 767-4701;;;;projet.pal@rocler.qc.ca;Activites sociales, repas, defense des droits, hebergement.
MENTAL HEALTH;;;TRACOM (Crisis services in Mental Health);adresse confidentiel) Hebergement court term, service d'ecoute.;;;;;;;;;;;;;;;(514) 483-3033;;(514) 483-2516;;;
MENTAL HEALTH;;;Curateur public;;600, boulevard Rene Levesque Ouest;;Montreal;Quebec;H3B 4W9;;;;;;;;;;(514) 873-4074;1 800 363-9020;(514) 873-4972;;;Manages finances and care for incapacitated individuals.
MENTAL HEALTH;;;ADPPPC (Association for the Defense of People and Property under Public Curatorship);;1857 Boulevard de Maisonneuve ouest, Suite #120;Suite #120;Montreal;Quebec;H3H 1J9;;;09h00-17h00;09h00-17h00;09h00-17h00;09h00-17h00;09h00-17h00;;Lundi a vendredi, 9h a 17h.;(514) 906-1845;;;;;Defends rights of people or property under public curatorship.
MENTAL HEALTH;;;Urgence Psychosociale-Justice;;;;;;;;;;;;;;;;(514) 861 9331 ext. 8163 ou 8171;;;;;Emergency interventions for clients with severe and persistent mental helth problems who have performed or are about to perform a criminal act. Will be there within 20 minutes of being called.
MENTAL HEALTH;Listening Services;;Face a Face;;980, rue St-Antoine Ouest #101B;#101B;Montreal;Quebec;H3C 1A8;;;;;;;;;;(514) 934-4546;;(514) 934-0063;;;Service d'ecoute et de reference. Aide sociale pour les sans-abri. Recherche de logement.
MENTAL HEALTH;Listening Services;;Multi-ecoute;(Listening & psychological services);3600, rue Barclay, bureau 460;bureau 460;Montreal;Quebec;H3S 1K5;;;;;;;;;;(514) 737-3604;;(514) 737-5631;;;
MENTAL HEALTH;Listening Services;;Suicide action Montreal;;;;;;;;;;;;;;;;(514) 723-4000;;;;;
MENTAL HEALTH;Listening Services;;Tel-Aide;;;;;;;;;;;;;;;;(514) 935-1101;(514) 935-1105;;;;
MENTAL HEALTH;Crisis centres;TRACOM;TRACOM;;;;;;;;;;;;;;;;(514) 483-3033;;;;;
MENTAL HEALTH;Crisis centres;;Iris;Nord;2430, boulevard Henri Bourassa Est;;Montreal;Quebec;H2C 1C7;;;;;;;;;;(514) 388-9233;;;;;
MENTAL HEALTH;Crisis centres;;L'Autre Maison;Sud-ouest;;;;;;;;;;;;;;;(514) 768-7225;;(514) 282-9163;;;Hebergement court-terme, suivi, ecoute telephonique.
MENTAL HEALTH;Crisis centres;;Le Transit;Centre-Est;538, rue Cherrier;;Montreal;Quebec;H2L 1H3;;;;;;;;;;(514) 282-7753;;(514) 282-9163;;;24 HEURES � 7 JOURS
MENTAL HEALTH;Crisis centres;;Centre de crise - equipe Mobile Resolution;Est;;;;;;;;;;;;;;24 HEURES � 7 JOURS;(514) 351-9592;;;;;
MENTAL HEALTH;Crisis centres;;Montreal West Island Crisis Centre  (Confidentiel;Ouest;;;;;;;;;;;;;;;(514)684-6160;;;;;
HEALTH AND SOCIAL SERVICES;;;Regie de l'assurance maladie (RAMQ) / Medicare;;425, boulevard de Maisonneuve Ouest, 3e etage;;Montreal;Quebec;H3A 3G5;Place des Arts;;08h30-16h30;08h30-16h30;10h00-16h30;08h30-16h30;08h30-16h30;;Lundi a vendredi 08h30 a 16h30, mercredi 10h00 a 16h30;(514) 864-3411;;;;;
HEALTH AND SOCIAL SERVICES;;;CLSC C�te-des-Neiges (CSSS de la Montagne);;5700, chemin de la C�te-des-Neiges (coin C�te-Sainte-Catherine);;Montreal;Quebec;H3T 2A8;;08h00-16h00;08h00-20h00;08h00-20h00;08h00-20h00;08h00-20h00;08h00-20h00;08h00-16h00;Lundi a vendredi 08h00 a 20h00, samedi a dimanche 08h00 a 16h00;(514) 731-8531;;;;;
HEALTH AND SOCIAL SERVICES;;;CLSC Rene Cassin (CSSS Cavendish) (C�te-Saint-Luc / Hampstead);;5800, rue Cavendish, 6e etage;;C�te-Saint-Luc;Quebec;H4W 2T5;;08h00-16h00;08h00-18h00;08h00-18h00;08h00-18h00;08h00-18h00;08h00-18h00;08h00-16h00;Lundi a vendredi 08h00 a 18h00, samedi, dimanche et jours feries 08h00 a 16h00;(514) 484-7878;;;;;Clinique sans rendez-vous des soins infirmiers : 8h a 15h, tous les jours.
HEALTH AND SOCIAL SERVICES;;;CLSC de Benny Farm (CSSS Cavendish) (NDG / MTL Ouest);;6484, avenue de Monkland;;Montreal;QC;H4B 1H3;;;08h00-18h00;08h00-18h00;08h00-18h00;08h00-18h00;08h00-18h00;;Lundi a vendredi 08h00 a 18h00;(514) 484-7878;;;;;(clinique sans rendez-vous des soins infirmiers : 8h a 15h). Samedi, dimanche et jours feries : ferme.
HEALTH AND SOCIAL SERVICES;;;CLSC des Faubourgs (CSSS Jeanne Mance);;66, rue Sainte-Catherine Est;;Montreal;Quebec;H2X 1K6;;;;;;;;;;(514) 527-2361;;;;;Services to homeless people. Clinique jeunesse est maintenant a la m�me adresse.
HEALTH AND SOCIAL SERVICES;;;Protection de la jeunesse (Francophone) - Centre Jeunesse Centre Ville;;1001, boulevard de Maisonneuve Est;;Montreal;Quebec;H2L 4R5;;;;;;;;;;(514) 896-3300;(514) 896-3100;;;;
HEALTH AND SOCIAL SERVICES;;;Department of Youth Protection (Batshaw Youth & Family Services);;5, rue Weredale Park;;Westmount;Quebec;H3Z 1Y5;;;;;;;;;;(514) 989-1885;;(514) 935-6196;;;
HEALTH AND SOCIAL SERVICES;;;Office des personnes handicapees du Quebec;;500, boulevard Rene Levesque Ouest, bureau 15.700;bureau 15.700;Montreal;Quebec;H2Z 1W7;;;;;;;;;;1 800 567-1465;;;;;
HEALTH AND SOCIAL SERVICES;Community Organizations;;CAAP (Centre d'assistance et d'accompagnement aux plaintes;;7333, rue Saint-Denis;;Montreal;Quebec;H2R 2E5;;;;;;;;;;(514) 861-5998;1 877 767-2227;;;;
HEALTH AND SOCIAL SERVICES;Community Organizations;;CPM (Conseil pour la protection des malades);;1000, rue Saint-Antoine Ouest, Bureau 403;Bureau 403;Montreal;Quebec;H3C 3R7;;;08h30-16h30;08h30-16h30;08h30-16h30;08h30-16h30;08h30-16h30;;Lundi a vendredi 8h30 a 16h30.;(514) 861-5922;1 877 276-2433;;;;
HEALTH AND SOCIAL SERVICES;Hospitals;;Centre hospitalier Ste-Mary's Hospital;;3830, rue Lacombe;;Montreal;Quebec;H3T 1M5;C�te-des-Neiges;;;;;;;;;(514) 345-3511;;;;;
HEALTH AND SOCIAL SERVICES;Hospitals;;Centre hospitalier general juif;;3755, chemin de la C�te-Sainte-Catherine;;Montreal;Quebec;H3T 1E2;C�te-des-Neiges / C�te-Sainte-Catherine;;;;;;;;;(514) 340-8222;(514) 340-8222 ext. 8240;;;;
HEALTH AND SOCIAL SERVICES;Hospitals;;Hope and Cope (Cancer patients);;;;;;;;;;;;;;;;(514) 340-8255;;;;;
HEALTH AND SOCIAL SERVICES;Hospitals;;Centre hospitalier juif;Centre d'hebergement et de soins de longue duree;5725, rue Victoria;;Montreal;Quebec;H3W 3H6;C�te-Sainte-Catherine;;;;;;;;;(514) 738-4500;;(514) 738-2611;;;
HEALTH AND SOCIAL SERVICES;Hospitals;;Centre universitaire de sante de McGill;H�pital general de Montreal / Montreal General Hospital;1650, rue Cedar;;Montreal;Quebec;H3G 1A4;Guy Concordia;;;;;;;;;(514) 934-1934;;;;;
HEALTH AND SOCIAL SERVICES;Hospitals;;H�pital de readaptation Pavillon Lindsay;Centre specialise en readaptation orthopedique;6363, rue Hudson;;Montreal;Quebec;H3S 1M9;Plamondon, bus 161 Est;;;;;;;;;(514) 737-3661;;;;;
HEALTH AND SOCIAL SERVICES;Hospitals;;H�pital Ste-Justine;H�pital pour enfants et maternite;3175, chemin de la C�te-Sainte-Catherine;;Montreal;Quebec;H3T 1C5;Universite de Montreal;;;;;;;;;(514) 345-4931;;;;;
HEALTH AND SOCIAL SERVICES;Hospitals;;Institut de readaptation de Montreal Pavillon Gingras;Centre pour handicapes physiques;6300, avenue Darlington;;Montreal;Quebec;H3S 2J4;Rosemont + bus 161;;;;;;;;;(514) 340-2085;;;;;
HEALTH AND SOCIAL SERVICES;Hospitals;;Institut universitaire de geriatrie de Montreal;Centre d'hebergement et de soins de longue duree;4565, chemin Queen Mary;;Montreal;Quebec;H3W 1W5;;10h00-16h00;07h30-16h00;07h30-16h00;07h30-16h00;07h30-16h00;07h30-16h00;10h00-16h00;"Lundi a vendredi 07h30 a 16h00; samedi a dimanche 10h00 a 16h00";(514) 340-1424;;(514) 340-2802;;;
INFORMATION & REFERRAL SERVICES;;;Centre d'action benevole;;2015, rue Drummond, bureau 300;bureau 300;Montreal;Quebec;H3G 1W7;;;09h00-18h00;09h00-18h00;09h00-18h00;09h00-18h00;09h00-18h00;;Lundi a vendredi 09h00 a 18h00;(514) 842-3351;;;;;
INFORMATION & REFERRAL SERVICES;;;Centre de reference du Grand Montreal;;3155, rue Hochelaga, bureau 101;bureau 101;Montreal;Quebec;H1W 1G4;;;;;;;;;;(514) 527-1375;;;;;Informations seulement par telephone / Information given only by phone
INFORMATION & REFERRAL SERVICES;;;Jewish Information and Referral Service;;5151, chemin de la C�te-Sainte-Catherine;;Montreal;Quebec;H3W 1M6;;;;;;;;;;(514) 733-1818;;;;;
INFORMATION & REFERRAL SERVICES;;;Multi-ecoute (Aide a remplir les formulaires, information et reference);;3600, rue Barclay, bureau 460;bureau 460;Montreal;Quebec;H3S 1K5;;;;;;;;;;(514) 737-3604;;(514) 737-5631;;;
INFORMATION & REFERRAL SERVICES;;;Services Quebec (Information sur les programmes gouvernementaux);;2050, rue de Bleury, Bureau 10;Bureau 10;Montreal;Quebec;H3A 2J5;;;08h30-16h30;08h30-16h30;08h30-16h30;08h30-16h30;08h30-16h30;;Lundi a vendredi 08h30 a 16h30;(514) 644-4545;;;;;
INFORMATION & REFERRAL SERVICES;;;Reference Canada;;;;;;;;;;;;;;;;1 800 622-6232;;;servicecanada.qc.ca;;Informations sur les programmes federaux / Information on federal programs
LEGAL AID;;;Aide juridique / Legal Aid (C�te-Des-Neiges Office);;3535, chemin Queen Mary, bureau 415;bureau 415;Montreal;Quebec;H3V 1H8;;;08h30-16h30;08h30-16h30;08h30-16h30;08h30-16h30;08h30-16h30;;Heures : lundi a vendredi 8h30 a 12h00, 13h00 a 16h30.;(514) 864-7666;;;;baj.cotedesneiges@ccjm.qc.ca;Champs d'intervention : Droit familiale, civil, administratif (aide sociale, CNESST), du logement, et faillite.
LEGAL AID;;;Legal Aid � Head Office;;;;;;;;;;;;;;;;(514) 864-2111;;;;;Pour trouver votre bureau local/To locate a local office : http://www.aidejuridiquedemontreal.ca/points-de-services/
LEGAL AID;;;Barreau du Quebec;;;;;;;;;08h30-16h30;08h30-16h30;08h30-16h30;08h30-16h30;08h30-16h30;;Lundi a vendredi 08h30 a 16h30 / Monday to Friday 08h30 - 16h30;1 844 227-3790;1 844 954-3411;;;infobarreau@barreau.qc.ca;Premier appel gratuit avec un avocat / Free first call with a lawyer
LEGAL AID;;;Association du jeune barreau de Montreal;;445, rue Saint-Laurent, Suite RC-03;Suite RC-03;Montreal;Quebec;H2Y 3T8;;;;;;;;;;(514) 954-3487;;;;;Consultations gratuites pour les personnes qui ont re�u un avis d'audition La Cour du Quebec, division des petites creances, Commission des relations de travail, regie du logement, Cour d'Appel. Services gratuites pour les jeunes (12-20 ans) sur mercredi de 16h-18h.
LEGAL AID;;;Le bureau du Protecteur du citoyen;;1080, C�te Beaver Hall, 10e etage;;Montreal;Quebec;H2Z 1S8;;;08h30-16h30;08h30-16h30;08h30-16h30;08h30-16h30;08h30-16h30;;Lundi a vendredi 08h30 a 12h00, 13h a 16h30;(514) 873-2032;1 800 463-5070;1 866 902-7130;;;
LEGAL AID;;;Commission des droits de la personne;;360, rue Saint-Jacques, 2e etage;;Montreal;Quebec;H2Y 1P5;Square Victoria;;08h30-16h30;08h30-16h30;08h30-16h30;08h30-16h30;08h30-16h30;;Lundi a vendredi 08h30 a 16h30;(514) 873-5146;;;;;
LEGAL AID;;;Commission nationale des liberations conditionnelles;Complexe Guy Favreau Tour Ouest;200, boulevard Rene Levesque Ouest 10 e etage, bureau 1001;bureau 1001;Montreal;Quebec;H2Z 1X4;;;;;;;;;;1 800 874-2652;(514) 283-4584;(514) 283-5484;www.pbc.cicc.qc.ca;;
LEGAL AID;;;Curateur public;;600, boulevard Rene Levesque Ouest, bureau 500;bureau 500;Montreal;Quebec;H3B 4W9;;;;;;;;;;(514) 873-4074;1 800 363-9020;(514) 873-4972;;;
LEGAL AID;Community Legal Clinics;;McGill Legal Info Clinic;;3480, rue McTavish Bureau 107;Bureau 107;Montreal;Quebec;H3A 1X9;;;09h00-17h00;09h00-19h00;09h00-17h00;09h00-17h00;09h00-15h00;;"Lundi, mercredi, jeudi 9h-17h00 ; mardi 9h-19h ; vendredi 9h-15h00.";(514) 398-6792;;;;;Over the phone or walk in. Takes about 2 weeks for a law student to research and respond to your question. Does not help with criminal law, tax law, law on major house renovations or construction, or laws outside Quebec.
LEGAL AID;Community Legal Clinics;;Barreau de Montreal � Referral Service;;;;;;;;;;;;;;;;(514) 866-2490;;;;;30$ pour une consultation de 30 minutes avec un avocat, sur rendez-vous seulement. 30 minute consultation with a lawyer, by appointment only, $30 charge.
LEGAL AID;Community Legal Clinics;;Centre de justice de proximite;;407, boulevard Saint Laurent, bureau 410;bureau 410;Montreal;Quebec;H2Y 2Y5;;;;;;;;;;(514) 227-3782;;;;;"Gratuit, RDV pas necessaire. Ils donnent pas d'info sur le telephone. Lundi, mardi et jeudi 9h-17h; mercredi 9h-19h. Ils n'aident pas avec brevet, lois d'un autre pays ou province; ne sont pas specialise dans les appels, injonction, faillite (bankruptcy), ficalite (tax law), immigration."
LEGAL AID;Community Legal Clinics;;CELO;;5347, C�te-des-Neiges, bureau 410;bureau 410;Montreal;Quebec;H3T 1Y4;;;;;;;;;;(514) 343-6111 ext. 8967;;;;;Sur les lundis, jusqu'a avril. Pour prendre RDV, appellez le mercredi precedant entre 10h et 12h30.
LEGAL AID;Community Legal Clinics;;Centre des femmes de Montreal - Women's Centre of Montreal (Femmes seulement);;3585, rue Saint-Urbain;;Montreal;Quebec;H2X 2N6;;;09h00-17h00;09h00-17h00;09h00-17h00;09h00-17h00;09h00-17h00;;Lundi a vendredi 09h00 a 17h00.;(514) 842-4780;;(514) 842-5613;;spl@centredesfemmesdemtl.org;Par rendez-vous, femmes seulement/ By appointment, women only
LEGAL AID;Community Legal Clinics;;Clinique juridique de Pointe Saint-Charles et petite Bourgogne;;2533, rue Centre, bureau 101;bureau 101;Montreal;Quebec;H3K 1J9;;;08h30-16h30;08h30-16h30;08h30-16h30;08h30-16h30;08h30-16h30;;Lundi a vendredi 08h30 a 16h30;(514) 933-8432;;(514) 933-4381;;servjur@bellnet.ca;
LEGAL AID;Community Legal Clinics;;Clinique Juridique pour aines (55+);;;;;;;;;;;;;;;;(514) 844-9128 #206;;;;;Clinique mobile, appelez pour verifier l'adresse et pour prendre un rdv. Ils aident avec : immigration, logement, pension, mandats en prevision d'inaptitude, sante, wills, etc.
LEGAL AID;Community Legal Clinics;;Clinique juridique � YWCA (Femmes seulement);;1355, boulevard Rene Levesque Ouest (corner Crescent);;Montreal;Quebec;H3G 1T3;Lucien L'Allier;;;;;;;;;(514) 866-9941 ext.293;;(514) 866 4866;;infojuridique@ydesfemmesmtl.org;Par rendez-vous, 0-20$ pour une consultation de 30 minutes/By appointment only 30 minutes consultation with a lawyer, $0-20 charge. De septembre a avril, from September to April. Max trois fois par annee, three times a year max. Specialites : droit familiale, immigration, criminel, civil, du logement, du travail. Specialties : family, immigration, criminal, civil, housing, work law.
LEGAL AID;Community Legal Clinics;;Concertation Femmes (Femmes seulement);;1405, boulevard Henri-Bourassa Ouest, bureau 012;bureau 012;Montreal;Quebec;H3M 3B9;;;09h00-17h00;09h00-17h00;09h00-17h00;09h00-17h00;09h00-17h00;;Lundi a vendredi 09h00 a 17h00.;(514) 336-3733;;(514) 856-2400;;info@concertationfemme.ca;etudiants en droit de septembre a avril, par rendez-vous seulement/ Law students from September to April, by appointment only.
LEGAL AID;Community Legal Clinics;;Head and Hands;;5833, rue Sherbrooke Ouest, (corner Melrose)P.O. Box 446 Station NDG, H4A 3P5;;;;;Notre Dame de Grace;;09h00-16h30;09h00-16h30;09h00-16h30;09h00-16h30;09h00-16h30;;Ligne ouverte 9h-16h30 lundi a vendredi. Mediation familiale.;(514) 481-0277;;(514) 481-2336;;info@headandhands.ca;Lawyer appoitments are available to everyone and usually occur on Wednesday and Thursday evenings, appointments with paralegal open only to youth (12-25).
LEGAL AID;Community Legal Clinics;;Inform'elle (Information on Family Law);;3757, rue Mackay;;Saint-Hubert;Quebec;J4T 2P6;;;;;;;;;;1 877 443-3442;(450) 443-8221;;;droitpourelle@informelle.osbl.ca;
LEGAL AID;Community Legal Clinics;;Peres separes;;3937, rue Adam;;Montreal;Quebec;H1W 2A1;;;10h00-18h00;10h00-18h00;10h00-18h00;10h00-18h00;;;Lundi a jeudi 10h00 a 18h00;(514) 254-6120;;(514) 357-2604;;psi@peres-separes.qc.ca;Par rendez-vous seulement, frais d'adhesion de 40$/By appointment only, $40 membership fee Lundi a jeudi 10h00 a 18h00. Offrent des services adaptes pour les hommes sourds ou malentendant. Offrent des groupes de soutien et aussi rencontres individuelles.
LEGAL AID;Community Legal Clinics;;C.R.A.R.R. (Centre for Research Action on Race Relations);;460, rue de la Sainte-Catherine Ouest, bureau 610;bureau 610;Montreal;Quebec;H3B 1A7;;;;;;;;;;(514) 939-3342;;(514) 939-9763;;crarr@primus.ca;
LEGAL AID;Courts;;Cour des petites creances;;1, rue Notre-Dame Est, bureau 3150;bureau 3150;Montreal;Quebec;H2Y 1B6;;;08h30-16h30;08h30-16h30;08h30-16h30;08h30-16h30;08h30-16h30;;Lundi a vendredi 8h30 a 16h30.;(514) 393-2304;(514) 954-3487;;;pcmtl.med@justice.gouv.qc.ca;Association du jeune barreau de Montreal /Young Bar Association
LEGAL AID;Courts;;Cour du Quebec - Palais de Justice;;1, rue Notre-Dame Est;;Montreal;Quebec;H2Y 1B;Place d'Armes;;;;;;;;;1 866 536-5140;(514) 393-2062;;;;
LEGAL AID;Courts;;Registraire des entreprises;Immatriculation d'entreprise / business registration;;;;;;;;;;;;;;;(514) 644-4545;;;;;
LEGAL AID;Courts;;Cour municipale;;775, rue Gosford;;Montreal;Quebec;H2Y 3Z8;Champ de Mars;;;;;;;;;(514) 872-2964;;(514) 872-8271;;;
LEGAL AID;Courts;;McGill Court Accompaniment Program (CAP);Envoyez un courriel, sinon laissez message detaille sur bo�te vocale Accompagnement par les etudiants en droit de McGill;;;;;;;;;;;;;;;(514) 398-4400 ext.09055;;;;pacemtl@gmail.com;
MUNICIPAL SERVICES;;;POLICE � Non-Urgent Call Centre;To report on something suspicious, noise or other complaints;;;;;;;;;;;;;;;(514) 280-2222;;;;;
MUNICIPAL SERVICES;;;POLICE � Non-Urgent Call Centre;Station 24;Mont-Royal / Outremont  1435, avenue Van Horne Cavendish;;;;;;;;;;;;;;(514) 280-0124;;;;;
MUNICIPAL SERVICES;;;POLICE � Non-Urgent Call Centre;Station 26;C�te-des-Neiges Ouest 5995 boulevard Decarie;;;;;;;;;;;;;;(514) 280-0126;(514) 280-0109;;;;
MUNICIPAL SERVICES;;;POLICE � Non-Urgent Call Centre;Station 9;C�te Saint-Luc 5757 rue;;;;;;;;;;;;;;;;;;;
MUNICIPAL SERVICES;;;Division des Permis et Inspections CDN/NDG;;5160, boulevard Decarie, bureau 865;bureau 865;Montreal;Quebec;H3X 2H9;;;08h00-16h30;08h00-16h30;13h30-16h30;08h00-16h30;08h00-16h30;;Lundi a mardi, jeudi a vendredi 08h00 a 16h30, mercredi 13h30 a 16h30;(514) 872-5160;;(514) 872-2765;;;
MUNICIPAL SERVICES;;;SOS Tickets (contestation tickets);;;;;;;;;;;;;;;;514) 448-4911;;;;;
MUNICIPAL SERVICES;;;Ville de Montreal: Bureau de reclamation et service de contentieux;;7275, rue Sherbrooke Est bureau 2201;bureau 2201;;;;;;08h30-16h30;08h30-16h30;08h30-16h30;08h30-16h30;08h30-16h30;;Lundi a vendredi 08h30 a 16h30;(514) 872-2977;;(514) 872-6082;;;
MUNICIPAL SERVICES;;;TANDEM CDN (Prevention du crime;;6767, chemin de la C�te-des-Neiges, bureau 598;bureau 598;Montreal;Quebec;H2H 1A2;;;;;;;;;;(514) 736-2732;;(514) 736-2734;;;
MUNICIPAL SERVICES;;;Transport 2000;;50, rue Sainte-Catherine Ouest, bureau 430;bureau 430;Montreal;Quebec;H2X 3V5;;;;;;;;;;(514) 932-8008;;1 800 932-8211;;info@transport2000qc.org;Defense des usagers du transport en commun
VICTIMS OF CRIME;;;CAVAC (Centre d'aide aux victimes actes criminels;;404, boulevard Decarie, bureau 306;;Montreal;Quebec;H4L 5E6;Du College;;;;;;;;;(514) 744-5048;1 866 532-2822;;;;
VICTIMS OF CRIME;;;IVAC (Direction de l'indemnisation des victimes d'actes criminels);;1199, rue Bleury, 9e etage Case Postale 6056, Succ. Centre Ville;;Montreal;Quebec;H3C 4E1;;;08h30-16h30;08h30-16h30;08h30-16h30;08h30-16h30;08h30-16h30;;Lundi a vendredi 08h30 a 16h30;(514) 906-3019;1 800 561-4822;;;;
VICTIMS OF CRIME;;;Rivo-Resilience;;6865, avenue Christophe-Colomb;;Montreal;Quebec;H2S 2H3;;;;;;;;;;(514) 282-0661;;(514) 282-0661;;;Reseau d'intervention aupres des personnes ayant subi la violence organisee/Intervention network for persons having been subjected to organised violence
